CLUES,NOMBRE DE LA INSTITUCION,CLAVE DE LA INSTITUCION,CLAVE DE LA ENTIDAD,ENTIDAD,CLAVE DEL MUNICIPIO,CLAVE DE LA LOCALIDAD,LOCALIDAD,NOMBRE DE TIPOLOGIA,NOMBRE DE LA UNIDAD,NIVEL ATENCION,LATITUD,LONGITUD,ESTATUS DE OPERACION
HGIMB000011,SERVICIOS DE SALUD IMSS BIENESTAR ,IMB,13,HIDALGO,1,1,ACATLAN,URBANO DE 03 NÚCLEOS BÁSICOS,ACATLÁN,PRIMER NIVEL,20.144656,-98.440023,EN OPERACION
HGIMB000023,SERVICIOS DE SALUD IMSS BIENESTAR ,IMB,13,HIDALGO,1,3,ALCHOLOYA (EL SALTO DE ALCHOLOYA),RURAL DE 01 NÚCLEO BÁSICO,ALCHOLOYA EL SALTO,PRIMER NIVEL,20.219313,-98.456115,EN OPERACION
HGIMB000035,SERVICIOS DE SALUD IMSS BIENESTAR ,IMB,13,HIDALGO,1,20,SAN BARTOLO (EL LLANO),RURAL DE 01 NÚCLEO BÁSICO,SAN BARTOLO,PRIMER NIVEL,20.256043,-98.465955,EN OPERACION
HGIMB000040,SERVICIOS DE SALUD IMSS BIENESTAR ,IMB,13,HIDALGO,1,21,SAN DIONISIO,RURAL DE 01 NÚCLEO BÁSICO,SAN DIONISIO,PRIMER NIVEL,20.129901,-98.46126,EN OPERACION
HGIMB000052,SERVICIOS DE SALUD IMSS BIENESTAR ,IMB,13,HIDALGO,1,27,28 DE MAYO (SANTA ROSA) [COLONIA],RURAL DE 01 NÚCLEO BÁSICO,COL. 28 DE MAYO SANTA ROSA,PRIMER NIVEL,20.165749,-98.389899,EN OPERACION
HGIMB000064,SERVICIOS DE SALUD IMSS BIENESTAR ,IMB,13,HIDALGO,2,1,ACAXOCHITLAN,URBANO DE 03 NÚCLEOS BÁSICOS,ACAXOCHITLÁN,PRIMER NIVEL,20.160323,-98.203732,EN OPERACION
HGIMB000076,SERVICIOS DE SALUD IMSS BIENESTAR ,IMB,13,HIDALGO,2,5,LA MESA,RURAL DE 01 NÚCLEO BÁSICO,LA MESA,PRIMER NIVEL,20.085875,-98.226309,EN OPERACION
HGIMB000081,SERVICIOS DE SALUD IMSS BIENESTAR ,IMB,13,HIDALGO,2,7,LOS REYES,URBANO DE 01 NÚCLEOS BÁSICOS,LOS REYES,PRIMER NIVEL,20.154112,-98.162338,EN OPERACION
HGIMB000093,SERVICIOS DE SALUD IMSS BIENESTAR ,IMB,13,HIDALGO,2,10,SAN MATEO,RURAL DE 01 NÚCLEO BÁSICO,SAN MATEO,PRIMER NIVEL,20.183376,-98.24682,EN OPERACION
HGIMB000105,SERVICIOS DE SALUD IMSS BIENESTAR ,IMB,13,HIDALGO,2,11,SAN MIGUEL DEL RESGATE,RURAL DE 01 NÚCLEO BÁSICO,SAN MIGUEL EL RESGATE,PRIMER NIVEL,20.229009,-98.177463,EN OPERACION
HGIMB000110,SERVICIOS DE SALUD IMSS BIENESTAR ,IMB,13,HIDALGO,2,12,SAN PEDRO TLACHICHILCO,RURAL DE 01 NÚCLEO BÁSICO,SAN PEDRO TLACHICHILCO,PRIMER NIVEL,20.159799,-98.261874,EN OPERACION
HGIMB000122,SERVICIOS DE SALUD IMSS BIENESTAR ,IMB,13,HIDALGO,2,21,TLAMIMILOLPA,RURAL DE 01 NÚCLEO BÁSICO,TLAMIMILOLPA,PRIMER NIVEL,20.132393,-98.211973,EN OPERACION
HGIMB000134,SERVICIOS DE SALUD IMSS BIENESTAR ,IMB,13,HIDALGO,2,26,ZACACUAUTLA,RURAL DE 01 NÚCLEO BÁSICO,ZACACUAUTLA,PRIMER NIVEL,20.216247,-98.228333,EN OPERACION
HGIMB000146,SERVICIOS DE SALUD IMSS BIENESTAR ,IMB,13,HIDALGO,2,28,CHIMALAPA,RURAL DE 01 NÚCLEO BÁSICO,CHIMALAPA,PRIMER NIVEL,20.190181,-98.161667,EN OPERACION
HGIMB000151,SERVICIOS DE SALUD IMSS BIENESTAR ,IMB,13,HIDALGO,3,1,ACTOPAN,HOSPITAL GENERAL,HOSPITAL GENERAL ACTOPAN,SEGUNDO NIVEL,20.262789,-98.939827,EN OPERACION
HGIMB000163,SERVICIOS DE SALUD IMSS BIENESTAR ,IMB,13,HIDALGO,3,1,ACTOPAN,URBANO DE 10 NÚCLEOS BÁSICOS,ACTOPAN,PRIMER NIVEL,20.2617102,-98.9422419,EN OPERACION
HGIMB000175,SERVICIOS DE SALUD IMSS BIENESTAR ,IMB,13,HIDALGO,3,4,BOXAXNI,RURAL DE 01 NÚCLEO BÁSICO,BOXAXNI,PRIMER NIVEL,20.3470353,-98.9437131,EN OPERACION
HGIMB000180,SERVICIOS DE SALUD IMSS BIENESTAR ,IMB,13,HIDALGO,3,5,EL BOXTHA,URBANO DE 01 NÚCLEOS BÁSICOS,BOXTHA,PRIMER NIVEL,20.250359,-98.9727897,EN OPERACION
HGIMB000192,SERVICIOS DE SALUD IMSS BIENESTAR ,IMB,13,HIDALGO,3,7,CAÑADA CHICA ANTIGUA,RURAL DE 01 NÚCLEO BÁSICO,CAÑADA CHICA ANTIGUA,PRIMER NIVEL,20.3049141,-98.950385,EN OPERACION
HGIMB000204,SERVICIOS DE SALUD IMSS BIENESTAR ,IMB,13,HIDALGO,3,10,CHICAVASCO,URBANO DE 02 NÚCLEOS BÁSICOS,CHICAVASCO,PRIMER NIVEL,20.195574,-98.951768,EN OPERACION
HGIMB000216,SERVICIOS DE SALUD IMSS BIENESTAR ,IMB,13,HIDALGO,3,11,DAJIEDHI,RURAL DE 01 NÚCLEO BÁSICO,DAJIEDHI,PRIMER NIVEL,20.311793,-98.940719,EN OPERACION
HGIMB000221,SERVICIOS DE SALUD IMSS BIENESTAR ,IMB,13,HIDALGO,3,13,LA ESTANCIA,RURAL DE 01 NÚCLEO BÁSICO,LA ESTANCIA,PRIMER NIVEL,20.3140245,-98.9048753,EN OPERACION
HGIMB000233,SERVICIOS DE SALUD IMSS BIENESTAR ,IMB,13,HIDALGO,3,14,EL HUAXTHO,URBANO DE 01 NÚCLEOS BÁSICOS,HUAXTHO,PRIMER NIVEL,20.229417,-98.962639,EN OPERACION
HGIMB000245,SERVICIOS DE SALUD IMSS BIENESTAR ,IMB,13,HIDALGO,3,16,SANTA MARIA MAGDALENA,RURAL DE 01 NÚCLEO BÁSICO,SANTA MARÍA MAGDALENA,PRIMER NIVEL,20.296278,-98.8604944,EN OPERACION
HGIMB000250,SERVICIOS DE SALUD IMSS BIENESTAR ,IMB,13,HIDALGO,3,23,SAN ANDRES TIANGUISTENGO,RURAL DE 01 NÚCLEO BÁSICO,SAN ANDRÉS TIANGUISTENGO,PRIMER NIVEL,20.2688761,-98.8514515,EN OPERACION
HGIMB000262,SERVICIOS DE SALUD IMSS BIENESTAR ,IMB,13,HIDALGO,4,1,AGUA BLANCA DE ITURBIDE,URBANO DE 03 NÚCLEOS BÁSICOS,AGUA BLANCA ITURBIDE,PRIMER NIVEL,20.349486,-98.355712,EN OPERACION
HGIMB000274,SERVICIOS DE SALUD IMSS BIENESTAR ,IMB,13,HIDALGO,4,8,CHICHICAXTLE,RURAL DE 01 NÚCLEO BÁSICO,CHICHICAXTLE,PRIMER NIVEL,20.34824,-98.417882,EN OPERACION
HGIMB000286,SERVICIOS DE SALUD IMSS BIENESTAR ,IMB,13,HIDALGO,4,10,EJIDO DE PALIZAR,RURAL DE 01 NÚCLEO BÁSICO,EJIDO DE PALIZAR,PRIMER NIVEL,20.368656,-98.375313,EN OPERACION
HGIMB000291,SERVICIOS DE SALUD IMSS BIENESTAR ,IMB,13,HIDALGO,6,27,LA SALITRERA,RURAL DE 01 NÚCLEO BÁSICO,LA SALITRERA,PRIMER NIVEL,20.338983,-99.442941,EN OPERACION
HGIMB000303,SERVICIOS DE SALUD IMSS BIENESTAR ,IMB,13,HIDALGO,6,31,SAN FRANCISCO SACACHICHILCO,RURAL DE 01 NÚCLEO BÁSICO,SAN FRANCISCO SACACHICHILCO,PRIMER NIVEL,20.476196,-99.390901,EN OPERACION
HGIMB000315,SERVICIOS DE SALUD IMSS BIENESTAR ,IMB,13,HIDALGO,6,33,SAN PABLO OXTOTIPAN,RURAL DE 01 NÚCLEO BÁSICO,SAN PABLO OXTOTIPAN,PRIMER NIVEL,20.33618,-99.376517,EN OPERACION
HGIMB000320,SERVICIOS DE SALUD IMSS BIENESTAR ,IMB,13,HIDALGO,6,39,SANTA MARIA XIGUI,RURAL DE 01 NÚCLEO BÁSICO,SANTA MARÍA XIGUI,PRIMER NIVEL,20.461546,-99.343324,EN OPERACION
HGIMB000332,SERVICIOS DE SALUD IMSS BIENESTAR ,IMB,13,HIDALGO,7,51,EL TEPOZAN (SAN GABRIEL),RURAL DE 01 NÚCLEO BÁSICO,EL TEPOZAN,PRIMER NIVEL,19.810754,-98.265166,EN OPERACION
HGIMB000344,SERVICIOS DE SALUD IMSS BIENESTAR ,IMB,13,HIDALGO,8,5,CHIMALPA TLALAYOTE,RURAL DE 01 NÚCLEO BÁSICO,CHIMALPA TLALAYOTE,PRIMER NIVEL,19.665757,-98.511184,EN OPERACION
HGIMB000356,SERVICIOS DE SALUD IMSS BIENESTAR ,IMB,13,HIDALGO,8,7,SAN JOSE JIQUILPAN,RURAL DE 01 NÚCLEO BÁSICO,SAN JOSÉ JIQUILPAN,PRIMER NIVEL,19.625691,-98.385085,EN OPERACION
HGIMB000361,SERVICIOS DE SALUD IMSS BIENESTAR ,IMB,13,HIDALGO,8,20,ZOTOLUCA (VELOZ),RURAL DE 01 NÚCLEO BÁSICO,ZOTOLUCA VELOZ,PRIMER NIVEL,19.611848,-98.513165,EN OPERACION
HGIMB000373,SERVICIOS DE SALUD IMSS BIENESTAR ,IMB,13,HIDALGO,9,1,EL ARENAL,URBANO DE 03 NÚCLEOS BÁSICOS,ARENAL,PRIMER NIVEL,20.222097,-98.907688,EN OPERACION
HGIMB000385,SERVICIOS DE SALUD IMSS BIENESTAR ,IMB,13,HIDALGO,9,7,OJO DE AGUA SAN JOSE TEPENENE,RURAL DE 01 NÚCLEO BÁSICO,OJO DE AGUA SAN JOSÉ TEPENENE,PRIMER NIVEL,20.1861126,-98.886155,EN OPERACION
HGIMB000390,SERVICIOS DE SALUD IMSS BIENESTAR ,IMB,13,HIDALGO,9,8,EL RINCON,RURAL DE 01 NÚCLEO BÁSICO,RINCÓN,PRIMER NIVEL,20.2734089,-98.9048528,EN OPERACION
HGIMB000402,SERVICIOS DE SALUD IMSS BIENESTAR ,IMB,13,HIDALGO,9,11,SAN JOSE TEPENENE,RURAL DE 02 NÚCLEOS BÁSICOS,SAN JOSÉ TEPENENE TEPENENE,PRIMER NIVEL,20.205503,-98.889613,EN OPERACION
HGIMB000414,SERVICIOS DE SALUD IMSS BIENESTAR ,IMB,13,HIDALGO,10,1,ATITALAQUIA,URBANO DE 03 NÚCLEOS BÁSICOS,ATITALAQUIA,PRIMER NIVEL,20.060223,-99.221677,EN OPERACION
HGIMB000426,SERVICIOS DE SALUD IMSS BIENESTAR ,IMB,13,HIDALGO,10,8,TLAMACO (SAN GERONIMO TLAMACO),URBANO DE 01 NÚCLEOS BÁSICOS,TLAMACO,PRIMER NIVEL,20.033722,-99.231899,EN OPERACION
HGIMB000431,SERVICIOS DE SALUD IMSS BIENESTAR ,IMB,13,HIDALGO,11,1,ATLAPEXCO,HOSPITAL INTEGRAL (COMUNITARIO),HOSPITAL INTEGRAL ATLAPEXCO,SEGUNDO NIVEL,21.021042,-98.348585,EN OPERACION
HGIMB000443,SERVICIOS DE SALUD IMSS BIENESTAR ,IMB,13,HIDALGO,11,1,ATLAPEXCO,URBANO DE 03 NÚCLEOS BÁSICOS,ATLAPEXCO,PRIMER NIVEL,21.020762,-98.34813,EN OPERACION
HGIMB000455,SERVICIOS DE SALUD IMSS BIENESTAR ,IMB,13,HIDALGO,11,9,COCHISCUATITLA,RURAL DE 01 NÚCLEO BÁSICO,COCHISCOATITLA,PRIMER NIVEL,20.99578,-98.3933,EN OPERACION
HGIMB000460,SERVICIOS DE SALUD IMSS BIENESTAR ,IMB,13,HIDALGO,11,16,HUITZOTLACO,RURAL DE 01 NÚCLEO BÁSICO,HUITZOTLACO,PRIMER NIVEL,21.039929,-98.376904,EN OPERACION
HGIMB000472,SERVICIOS DE SALUD IMSS BIENESTAR ,IMB,13,HIDALGO,11,22,PAHACTLA,RURAL DE 01 NÚCLEO BÁSICO,PAHACTLA,PRIMER NIVEL,20.975864,-98.358086,EN OPERACION
HGIMB000484,SERVICIOS DE SALUD IMSS BIENESTAR ,IMB,13,HIDALGO,11,32,TECACAHUACO,RURAL DE 01 NÚCLEO BÁSICO,TECACAHUACO,PRIMER NIVEL,20.941271,-98.339157,EN OPERACION
HGIMB000496,SERVICIOS DE SALUD IMSS BIENESTAR ,IMB,13,HIDALGO,11,35,TENEXCO I,RURAL DE 01 NÚCLEO BÁSICO,TENEXCO I,PRIMER NIVEL,21.064866,-98.347809,EN OPERACION
HGIMB000501,SERVICIOS DE SALUD IMSS BIENESTAR ,IMB,13,HIDALGO,12,3,CERRO COLORADO,RURAL DE 01 NÚCLEO BÁSICO,CERRO COLORADO,PRIMER NIVEL,20.408098,-98.718135,EN OPERACION
HGIMB000513,SERVICIOS DE SALUD IMSS BIENESTAR ,IMB,13,HIDALGO,12,22,LOS SABINOS,RURAL DE 01 NÚCLEO BÁSICO,LOS SABINOS,PRIMER NIVEL,20.329051,-98.665313,EN OPERACION
HGIMB000525,SERVICIOS DE SALUD IMSS BIENESTAR ,IMB,13,HIDALGO,13,1,ATOTONILCO DE TULA,URBANO DE 03 NÚCLEOS BÁSICOS,ATOTONILCO DE TULA,PRIMER NIVEL,20.011532,-99.221684,EN OPERACION
HGIMB000530,SERVICIOS DE SALUD IMSS BIENESTAR ,IMB,13,HIDALGO,13,10,PROGRESO,URBANO DE 01 NÚCLEOS BÁSICOS,PROGRESO EL DE ATOTONILCO DE TULA,PRIMER NIVEL,20.0201974,-99.2460901,EN OPERACION
HGIMB000542,SERVICIOS DE SALUD IMSS BIENESTAR ,IMB,13,HIDALGO,13,11,EL REFUGIO (SALITRERA),RURAL DE 01 NÚCLEO BÁSICO,EL REFUGIO,PRIMER NIVEL,20.004597,-99.188711,EN OPERACION
HGIMB000554,SERVICIOS DE SALUD IMSS BIENESTAR ,IMB,13,HIDALGO,13,13,VITO,URBANO DE 02 NÚCLEOS BÁSICOS,VITO,PRIMER NIVEL,19.9913519,-99.1997234,EN OPERACION
HGIMB000566,SERVICIOS DE SALUD IMSS BIENESTAR ,IMB,13,HIDALGO,14,1,CALNALI,URBANO DE 03 NÚCLEOS BÁSICOS,CALNALI,PRIMER NIVEL,20.8972008,-98.5800426,EN OPERACION
HGIMB000571,SERVICIOS DE SALUD IMSS BIENESTAR ,IMB,13,HIDALGO,14,7,COYULA,RURAL DE 01 NÚCLEO BÁSICO,COYULA,PRIMER NIVEL,20.927759,-98.483546,EN OPERACION
HGIMB000583,SERVICIOS DE SALUD IMSS BIENESTAR ,IMB,13,HIDALGO,14,10,PAPATLATLA,URBANO DE 02 NÚCLEOS BÁSICOS,PAPATLATLA,PRIMER NIVEL,20.9038473,-98.4509307,EN OPERACION
HGIMB000595,SERVICIOS DE SALUD IMSS BIENESTAR ,IMB,13,HIDALGO,14,11,PEZMATLAN,RURAL DE 01 NÚCLEO BÁSICO,PEZMATLAN,PRIMER NIVEL,20.894496,-98.542154,EN OPERACION
HGIMB000600,SERVICIOS DE SALUD IMSS BIENESTAR ,IMB,13,HIDALGO,14,14,SANTA LUCIA (MESA DE SANTA LUCIA),RURAL DE 01 NÚCLEO BÁSICO,SANTA LUCIA MESA DE SANTA LUCIA,PRIMER NIVEL,20.9353701,-98.444035,EN OPERACION
HGIMB000612,SERVICIOS DE SALUD IMSS BIENESTAR ,IMB,13,HIDALGO,15,1,CARDONAL,URBANO DE 03 NÚCLEOS BÁSICOS,CARDONAL,PRIMER NIVEL,20.620885,-99.119783,EN OPERACION
HGIMB000624,SERVICIOS DE SALUD IMSS BIENESTAR ,IMB,13,HIDALGO,15,4,EL BINGU,RURAL DE 01 NÚCLEO BÁSICO,EL BINGU,PRIMER NIVEL,20.594499,-99.14314,EN OPERACION
HGIMB000636,SERVICIOS DE SALUD IMSS BIENESTAR ,IMB,13,HIDALGO,15,7,EL BUENA,RURAL DE 01 NÚCLEO BÁSICO,EL BUENA,PRIMER NIVEL,20.632529,-99.140269,EN OPERACION
HGIMB000641,SERVICIOS DE SALUD IMSS BIENESTAR ,IMB,13,HIDALGO,15,10,CIENEGUILLA,RURAL DE 01 NÚCLEO BÁSICO,CIENEGUILLA,PRIMER NIVEL,20.713992,-99.032355,EN OPERACION
HGIMB000653,SERVICIOS DE SALUD IMSS BIENESTAR ,IMB,13,HIDALGO,15,12,EL DECA,RURAL DE 01 NÚCLEO BÁSICO,EL DECA,PRIMER NIVEL,20.617974,-99.141824,EN OPERACION
HGIMB000665,SERVICIOS DE SALUD IMSS BIENESTAR ,IMB,13,HIDALGO,15,15,LA MESA,RURAL DE 01 NÚCLEO BÁSICO,LA MESA,PRIMER NIVEL,20.661503,-99.030793,EN OPERACION
HGIMB000670,SERVICIOS DE SALUD IMSS BIENESTAR ,IMB,13,HIDALGO,15,19,POZUELOS,RURAL DE 01 NÚCLEO BÁSICO,POZUELOS,PRIMER NIVEL,20.493503,-99.059532,EN OPERACION
HGIMB000682,SERVICIOS DE SALUD IMSS BIENESTAR ,IMB,13,HIDALGO,15,20,SAN ANDRES DABOXTHA,RURAL DE 01 NÚCLEO BÁSICO,SAN ANDRÉS DABOXTHA,PRIMER NIVEL,20.523936,-99.06256,EN OPERACION
HGIMB000694,SERVICIOS DE SALUD IMSS BIENESTAR ,IMB,13,HIDALGO,15,21,SAN ANTONIO SABANILLAS,RURAL DE 01 NÚCLEO BÁSICO,SAN ANTONIO SABANILLAS,PRIMER NIVEL,20.579649,-99.133219,EN OPERACION
HGIMB000706,SERVICIOS DE SALUD IMSS BIENESTAR ,IMB,13,HIDALGO,15,23,SAN CRISTOBAL,RURAL DE 01 NÚCLEO BÁSICO,SAN CRISTÓBAL,PRIMER NIVEL,20.598703,-98.999676,EN OPERACION
HGIMB000711,SERVICIOS DE SALUD IMSS BIENESTAR ,IMB,13,HIDALGO,15,24,SAN MIGUEL TLAZINTLA,RURAL DE 01 NÚCLEO BÁSICO,SAN MIGUEL TLAZINTLA,PRIMER NIVEL,20.633883,-99.08538,EN OPERACION
HGIMB000723,SERVICIOS DE SALUD IMSS BIENESTAR ,IMB,13,HIDALGO,15,25,SAN MIGUEL JIGUI,RURAL DE 01 NÚCLEO BÁSICO,SAN MIGUEL JIGUI,PRIMER NIVEL,20.636466,-99.157988,EN OPERACION
HGIMB000735,SERVICIOS DE SALUD IMSS BIENESTAR ,IMB,13,HIDALGO,15,26,SANTA TERESA DABOXTHA,RURAL DE 01 NÚCLEO BÁSICO,SANTA TERESA DABOXTHA,PRIMER NIVEL,20.559292,-99.069875,EN OPERACION
HGIMB000740,SERVICIOS DE SALUD IMSS BIENESTAR ,IMB,13,HIDALGO,15,27,SANTUARIO (SANTUARIO MAPETHE),RURAL DE 01 NÚCLEO BÁSICO,SANTUARIO MAPETHÉ,PRIMER NIVEL,20.662385,-99.135506,EN OPERACION
HGIMB000752,SERVICIOS DE SALUD IMSS BIENESTAR ,IMB,13,HIDALGO,15,28,EL SAUZ (JUXMAYE),RURAL DE 01 NÚCLEO BÁSICO,EL SAUZ JUXMAYE,PRIMER NIVEL,20.587019,-99.083646,EN OPERACION
HGIMB000764,SERVICIOS DE SALUD IMSS BIENESTAR ,IMB,13,HIDALGO,15,78,EL TIXQUI AGUA FRIA,RURAL DE 01 NÚCLEO BÁSICO,EL TIXQUI,PRIMER NIVEL,20.710326,-99.109838,EN OPERACION
HGIMB000776,SERVICIOS DE SALUD IMSS BIENESTAR ,IMB,13,HIDALGO,16,1,CUAUTEPEC,URBANO DE 03 NÚCLEOS BÁSICOS,CUAUTEPEC DE HINOJOSA,PRIMER NIVEL,20.037616,-98.306824,EN OPERACION
HGIMB000781,SERVICIOS DE SALUD IMSS BIENESTAR ,IMB,13,HIDALGO,16,5,EL CAPULIN,RURAL DE 01 NÚCLEO BÁSICO,EL CAPULIN,PRIMER NIVEL,20.006999,-98.269296,EN OPERACION
HGIMB000793,SERVICIOS DE SALUD IMSS BIENESTAR ,IMB,13,HIDALGO,16,14,HUEYAPITA,RURAL DE 01 NÚCLEO BÁSICO,HUEYAPITA,PRIMER NIVEL,20.070869,-98.240108,EN OPERACION
HGIMB000805,SERVICIOS DE SALUD IMSS BIENESTAR ,IMB,13,HIDALGO,16,24,LAS PUENTES,RURAL DE 01 NÚCLEO BÁSICO,LAS PUENTES,PRIMER NIVEL,20.045487,-98.183175,EN OPERACION
HGIMB000810,SERVICIOS DE SALUD IMSS BIENESTAR ,IMB,13,HIDALGO,16,29,SANTA MARIA NATIVITAS,URBANO DE 02 NÚCLEOS BÁSICOS,SANTA MARÍA NATIVITAS,PRIMER NIVEL,20.037831,-98.297232,EN OPERACION
HGIMB000822,SERVICIOS DE SALUD IMSS BIENESTAR ,IMB,13,HIDALGO,16,30,TECOCOMULCO DE JUAREZ,RURAL DE 01 NÚCLEO BÁSICO,TECOCOMULCO,PRIMER NIVEL,19.905952,-98.34932,EN OPERACION
HGIMB000834,SERVICIOS DE SALUD IMSS BIENESTAR ,IMB,13,HIDALGO,16,39,ALMOLOYA,URBANO DE 02 NÚCLEOS BÁSICOS,ALMOLOYA,PRIMER NIVEL,20.019621,-98.316502,EN OPERACION
HGIMB000846,SERVICIOS DE SALUD IMSS BIENESTAR ,IMB,13,HIDALGO,16,44,LA CAÑADA,RURAL DE 01 NÚCLEO BÁSICO,LA CAÑADA,PRIMER NIVEL,19.919802,-98.292248,EN OPERACION
HGIMB000851,SERVICIOS DE SALUD IMSS BIENESTAR ,IMB,13,HIDALGO,17,1,CHAPANTONGO,URBANO DE 03 NÚCLEOS BÁSICOS,CHAPANTONGO,PRIMER NIVEL,20.288421,-99.411146,EN OPERACION
HGIMB000863,SERVICIOS DE SALUD IMSS BIENESTAR ,IMB,13,HIDALGO,17,14,SAN BARTOLO OZOCALPAN,RURAL DE 01 NÚCLEO BÁSICO,SAN BARTOLO OZOCALPAN,PRIMER NIVEL,20.223704,-99.491131,EN OPERACION
HGIMB000875,SERVICIOS DE SALUD IMSS BIENESTAR ,IMB,13,HIDALGO,17,20,TLAUNILOLPAN,RURAL DE 01 NÚCLEO BÁSICO,TLAUNILOLPAN,PRIMER NIVEL,20.26251,-99.470997,EN OPERACION
HGIMB000880,SERVICIOS DE SALUD IMSS BIENESTAR ,IMB,13,HIDALGO,18,1,CHAPULHUACAN,URBANO DE 03 NÚCLEOS BÁSICOS,CHAPULHUACAN,PRIMER NIVEL,21.158986,-98.907571,EN OPERACION
HGIMB000892,SERVICIOS DE SALUD IMSS BIENESTAR ,IMB,13,HIDALGO,18,8,CAHUAZAS (HACIENDA DE CAHUAZAS),RURAL DE 01 NÚCLEO BÁSICO,CAHUAZAS HACIENDA DE CAHUAZAS,PRIMER NIVEL,21.140153,-98.855222,EN OPERACION
HGIMB000904,SERVICIOS DE SALUD IMSS BIENESTAR ,IMB,13,HIDALGO,18,20,MIAHUATLA,RURAL DE 01 NÚCLEO BÁSICO,MIAHUATLA,PRIMER NIVEL,21.136652,-98.902172,EN OPERACION
HGIMB000916,SERVICIOS DE SALUD IMSS BIENESTAR ,IMB,13,HIDALGO,18,34,SAN RAFAEL,RURAL DE 01 NÚCLEO BÁSICO,SAN RAFAEL,PRIMER NIVEL,21.114994,-98.939631,EN OPERACION
HGIMB000921,SERVICIOS DE SALUD IMSS BIENESTAR ,IMB,13,HIDALGO,18,35,SANTA ANA DE ALLENDE,RURAL DE 01 NÚCLEO BÁSICO,SANTA ANA DE ALLENDE,PRIMER NIVEL,21.125763,-98.986229,EN OPERACION
HGIMB000933,SERVICIOS DE SALUD IMSS BIENESTAR ,IMB,13,HIDALGO,18,37,SAUCILLO (SAUCILLO AGUA NUEVA),RURAL DE 01 NÚCLEO BÁSICO,SAUCILLO SAUCILLO AGUA NUEVA,PRIMER NIVEL,21.086515,-98.993259,EN OPERACION
HGIMB000945,SERVICIOS DE SALUD IMSS BIENESTAR ,IMB,13,HIDALGO,18,40,SOLEDAD DEL COYOL,RURAL DE 01 NÚCLEO BÁSICO,SOLEDAD DEL COYOL,PRIMER NIVEL,21.07298,-98.95413,EN OPERACION
HGIMB000950,SERVICIOS DE SALUD IMSS BIENESTAR ,IMB,13,HIDALGO,19,1,CHILCUAUTLA,URBANO DE 03 NÚCLEOS BÁSICOS,CHILCUAUTLA,PRIMER NIVEL,20.330963,-99.22826,EN OPERACION
HGIMB000962,SERVICIOS DE SALUD IMSS BIENESTAR ,IMB,13,HIDALGO,19,4,EL DADHO,RURAL DE 01 NÚCLEO BÁSICO,EL DADHO,PRIMER NIVEL,20.407772,-99.235733,EN OPERACION
HGIMB000974,SERVICIOS DE SALUD IMSS BIENESTAR ,IMB,13,HIDALGO,19,8,HUITEXCALCO DE MORELOS,RURAL DE 01 NÚCLEO BÁSICO,HUITEXCALCO DE MORELOS,PRIMER NIVEL,20.275135,-99.275093,EN OPERACION
HGIMB000986,SERVICIOS DE SALUD IMSS BIENESTAR ,IMB,13,HIDALGO,19,11,SANTA ANA BATHA,RURAL DE 02 NÚCLEOS BÁSICOS,SANTA ANA BATHA,PRIMER NIVEL,20.378148,-99.191123,EN OPERACION
HGIMB000991,SERVICIOS DE SALUD IMSS BIENESTAR ,IMB,13,HIDALGO,19,13,TEXCATEPEC,RURAL DE 01 NÚCLEO BÁSICO,TEXCATEPEC,PRIMER NIVEL,20.272982,-99.251762,EN OPERACION
HGIMB001003,SERVICIOS DE SALUD IMSS BIENESTAR ,IMB,13,HIDALGO,20,1,ELOXOCHITLAN,URBANO DE 02 NÚCLEOS BÁSICOS,ELOXOCHITLAN,PRIMER NIVEL,20.745806,-98.810202,EN OPERACION
HGIMB001015,SERVICIOS DE SALUD IMSS BIENESTAR ,IMB,13,HIDALGO,20,7,ITZTACAPA,RURAL DE 01 NÚCLEO BÁSICO,IZTACAPA,PRIMER NIVEL,20.672058,-98.9378104,EN OPERACION
HGIMB001020,SERVICIOS DE SALUD IMSS BIENESTAR ,IMB,13,HIDALGO,20,9,SAN JUAN AMAJAQUE,RURAL DE 01 NÚCLEO BÁSICO,SAN JUAN AMAJAQUE,PRIMER NIVEL,20.718205,-98.948643,EN OPERACION
HGIMB001032,SERVICIOS DE SALUD IMSS BIENESTAR ,IMB,13,HIDALGO,21,1,EMILIANO ZAPATA,URBANO DE 03 NÚCLEOS BÁSICOS,EMILIANO ZAPATA,PRIMER NIVEL,19.660528,-98.539923,EN OPERACION
HGIMB001044,SERVICIOS DE SALUD IMSS BIENESTAR ,IMB,13,HIDALGO,21,5,SANTA BARBARA,RURAL DE 01 NÚCLEO BÁSICO,SANTA BÁRBARA,PRIMER NIVEL,19.665105,-98.568218,EN OPERACION
HGIMB001056,SERVICIOS DE SALUD IMSS BIENESTAR ,IMB,13,HIDALGO,21,6,SANTA CLARA,RURAL DE 01 NÚCLEO BÁSICO,SANTA CLARA PROGRESO,PRIMER NIVEL,19.698755,-98.578361,EN OPERACION
HGIMB001061,SERVICIOS DE SALUD IMSS BIENESTAR ,IMB,13,HIDALGO,21,11,JOSE MARIA MORELOS (SAN JOSE),RURAL DE 01 NÚCLEO BÁSICO,JOSÉ MARÍA MORELOS SAN JOSÉ,PRIMER NIVEL,19.681416,-98.576957,EN OPERACION
HGIMB001073,SERVICIOS DE SALUD IMSS BIENESTAR ,IMB,13,HIDALGO,22,1,EPAZOYUCAN,URBANO DE 02 NÚCLEOS BÁSICOS,EPAZOYUCAN,PRIMER NIVEL,20.01855,-98.63577,EN OPERACION
HGIMB001085,SERVICIOS DE SALUD IMSS BIENESTAR ,IMB,13,HIDALGO,22,17,SAN JUAN TIZAHUAPAN,RURAL DE 01 NÚCLEO BÁSICO,SAN JUAN TIZAHUAPAN,PRIMER NIVEL,20.05036,-98.66448,EN OPERACION
HGIMB001090,SERVICIOS DE SALUD IMSS BIENESTAR ,IMB,13,HIDALGO,22,21,SANTA MONICA,RURAL DE 01 NÚCLEO BÁSICO,SANTA MONICA,PRIMER NIVEL,19.98121,-98.62294,EN OPERACION
HGIMB001102,SERVICIOS DE SALUD IMSS BIENESTAR ,IMB,13,HIDALGO,23,1,TEPATEPEC,URBANO DE 03 NÚCLEOS BÁSICOS,TEPATEPEC,PRIMER NIVEL,20.262027,-99.08784,EN OPERACION
HGIMB001114,SERVICIOS DE SALUD IMSS BIENESTAR ,IMB,13,HIDALGO,23,5,DENGANTZHA,RURAL DE 01 NÚCLEO BÁSICO,DENGANTZHA,PRIMER NIVEL,20.2703873,-99.1206141,EN OPERACION
HGIMB001126,SERVICIOS DE SALUD IMSS BIENESTAR ,IMB,13,HIDALGO,23,8,LAZARO CARDENAS (EL MEXE) [COLONIA],RURAL DE 01 NÚCLEO BÁSICO,LÁZARO CÁRDENAS COLONIA EL MEXE,PRIMER NIVEL,20.2243167,-99.093253,EN OPERACION
HGIMB001131,SERVICIOS DE SALUD IMSS BIENESTAR ,IMB,13,HIDALGO,23,12,EL ROSARIO,URBANO DE 01 NÚCLEOS BÁSICOS,EL ROSARÍO,PRIMER NIVEL,20.2423372,-99.0238831,EN OPERACION
HGIMB001143,SERVICIOS DE SALUD IMSS BIENESTAR ,IMB,13,HIDALGO,23,14,SAN JUAN TEPA,URBANO DE 02 NÚCLEOS BÁSICOS,SAN JUAN TEPA,PRIMER NIVEL,20.2139783,-99.0636777,EN OPERACION
HGIMB001155,SERVICIOS DE SALUD IMSS BIENESTAR ,IMB,13,HIDALGO,24,1,HUASCA DE OCAMPO,URBANO DE 03 NÚCLEOS BÁSICOS,HUASCA,PRIMER NIVEL,20.2044968,-98.5756517,EN OPERACION
HGIMB001160,SERVICIOS DE SALUD IMSS BIENESTAR ,IMB,13,HIDALGO,25,1,HUAUTLA,URBANO DE 03 NÚCLEOS BÁSICOS,HUAUTLA,PRIMER NIVEL,21.0304,-98.291072,EN OPERACION
HGIMB001172,SERVICIOS DE SALUD IMSS BIENESTAR ,IMB,13,HIDALGO,25,2,ACATEPEC,RURAL DE 01 NÚCLEO BÁSICO,ACATEPEC,PRIMER NIVEL,20.953823,-98.27206,EN OPERACION
HGIMB001184,SERVICIOS DE SALUD IMSS BIENESTAR ,IMB,13,HIDALGO,25,13,COATZONCO,RURAL DE 01 NÚCLEO BÁSICO,COATZONCO,PRIMER NIVEL,20.98954,-98.3004,EN OPERACION
HGIMB001196,SERVICIOS DE SALUD IMSS BIENESTAR ,IMB,13,HIDALGO,25,18,CHALINGO,RURAL DE 01 NÚCLEO BÁSICO,CHALINGO,PRIMER NIVEL,21.096498,-98.218358,EN OPERACION
HGIMB001201,SERVICIOS DE SALUD IMSS BIENESTAR ,IMB,13,HIDALGO,25,38,TAMOYON I,RURAL DE 01 NÚCLEO BÁSICO,TAMOYON I,PRIMER NIVEL,21.024687,-98.245322,EN OPERACION
HGIMB001213,SERVICIOS DE SALUD IMSS BIENESTAR ,IMB,13,HIDALGO,25,40,TECOLUCO CALPAN,RURAL DE 01 NÚCLEO BÁSICO,TECOLUCO CALPAN,PRIMER NIVEL,21.131912,-98.250867,EN OPERACION
HGIMB001225,SERVICIOS DE SALUD IMSS BIENESTAR ,IMB,13,HIDALGO,25,50,TZACUALA,RURAL DE 01 NÚCLEO BÁSICO,TZACUALA,PRIMER NIVEL,21.106579,-98.226105,EN OPERACION
HGIMB001230,SERVICIOS DE SALUD IMSS BIENESTAR ,IMB,13,HIDALGO,25,54,ZACATIPA,RURAL DE 01 NÚCLEO BÁSICO,ZACATIPA,PRIMER NIVEL,20.952195,-98.258972,EN OPERACION
HGIMB001242,SERVICIOS DE SALUD IMSS BIENESTAR ,IMB,13,HIDALGO,26,1,HUAZALINGO,URBANO DE 02 NÚCLEOS BÁSICOS,HUAZALINGO,PRIMER NIVEL,20.979539,-98.507681,EN OPERACION
HGIMB001254,SERVICIOS DE SALUD IMSS BIENESTAR ,IMB,13,HIDALGO,26,23,SAN FRANCISCO,RURAL DE 01 NÚCLEO BÁSICO,SAN FRANCISCO,PRIMER NIVEL,21.019081,-98.487253,EN OPERACION
HGIMB001266,SERVICIOS DE SALUD IMSS BIENESTAR ,IMB,13,HIDALGO,27,1,HUEHUETLA,URBANO DE 03 NÚCLEOS BÁSICOS,HUEHUETLA,PRIMER NIVEL,20.460836,-98.07838,EN OPERACION
HGIMB001271,SERVICIOS DE SALUD IMSS BIENESTAR ,IMB,13,HIDALGO,27,15,LA ESPERANZA NUMERO 1,RURAL DE 01 NÚCLEO BÁSICO,LA ESPERANZA NUMERO UNO,PRIMER NIVEL,20.488722,-98.054769,EN OPERACION
HGIMB001283,SERVICIOS DE SALUD IMSS BIENESTAR ,IMB,13,HIDALGO,27,28,EL PARAISO,RURAL DE 01 NÚCLEO BÁSICO,EL PARAÍSO,PRIMER NIVEL,20.432841,-98.080656,EN OPERACION
HGIMB001295,SERVICIOS DE SALUD IMSS BIENESTAR ,IMB,13,HIDALGO,27,33,SAN AMBROSIO,RURAL DE 01 NÚCLEO BÁSICO,SAN AMBROSIO,PRIMER NIVEL,20.530224,-98.022939,EN OPERACION
HGIMB001300,SERVICIOS DE SALUD IMSS BIENESTAR ,IMB,13,HIDALGO,28,25,CUAPAXTITLA,RURAL DE 01 NÚCLEO BÁSICO,CUAPAXTITLA,PRIMER NIVEL,21.136214,-98.553472,EN OPERACION
HGIMB001312,SERVICIOS DE SALUD IMSS BIENESTAR ,IMB,13,HIDALGO,28,56,IXCATEPEC,RURAL DE 01 NÚCLEO BÁSICO,IXCATEPEC,PRIMER NIVEL,21.100964,-98.520122,EN OPERACION
HGIMB001324,SERVICIOS DE SALUD IMSS BIENESTAR ,IMB,13,HIDALGO,28,58,IXTLAHUAC,RURAL DE 01 NÚCLEO BÁSICO,IXTLÁHUAC,PRIMER NIVEL,21.097084,-98.493285,EN OPERACION
HGIMB001336,SERVICIOS DE SALUD IMSS BIENESTAR ,IMB,13,HIDALGO,28,64,LOS OTATES,RURAL DE 01 NÚCLEO BÁSICO,LOS OTATES,PRIMER NIVEL,21.1490304,-98.3470998,EN OPERACION
HGIMB001341,SERVICIOS DE SALUD IMSS BIENESTAR ,IMB,13,HIDALGO,28,69,PAHUATLAN,RURAL DE 01 NÚCLEO BÁSICO,PAHUATLAN,PRIMER NIVEL,21.067899,-98.477053,EN OPERACION
HGIMB001353,SERVICIOS DE SALUD IMSS BIENESTAR ,IMB,13,HIDALGO,28,80,SANTA CATARINA,RURAL DE 01 NÚCLEO BÁSICO,SANTA CATARINA,PRIMER NIVEL,21.100693,-98.381557,EN OPERACION
HGIMB001365,SERVICIOS DE SALUD IMSS BIENESTAR ,IMB,13,HIDALGO,28,87,TEACAL,RURAL DE 01 NÚCLEO BÁSICO,TEACAL,PRIMER NIVEL,21.159134,-98.446041,EN OPERACION
HGIMB001370,SERVICIOS DE SALUD IMSS BIENESTAR ,IMB,13,HIDALGO,28,88,TEHUETLAN,URBANO DE 02 NÚCLEOS BÁSICOS,TEHUETLAN,PRIMER NIVEL,21.0552485,-98.5068412,EN OPERACION
HGIMB001382,SERVICIOS DE SALUD IMSS BIENESTAR ,IMB,13,HIDALGO,28,123,LAS CHACAS,RURAL DE 01 NÚCLEO BÁSICO,LAS CHACAS,PRIMER NIVEL,21.20976,-98.526658,EN OPERACION
HGIMB001394,SERVICIOS DE SALUD IMSS BIENESTAR ,IMB,13,HIDALGO,29,1,HUICHAPAN,HOSPITAL GENERAL,HOSPITAL GENERAL HUICHAPAN,SEGUNDO NIVEL,20.3757128,-99.654174,EN OPERACION
HGIMB001406,SERVICIOS DE SALUD IMSS BIENESTAR ,IMB,13,HIDALGO,29,1,HUICHAPAN,URBANO DE 03 NÚCLEOS BÁSICOS,HUICHAPAN,PRIMER NIVEL,20.380501,-99.650398,EN OPERACION
HGIMB001411,SERVICIOS DE SALUD IMSS BIENESTAR ,IMB,13,HIDALGO,29,11,DANTZIBOJAY,RURAL DE 01 NÚCLEO BÁSICO,DANTZIBOJAY,PRIMER NIVEL,20.436776,-99.586891,EN OPERACION
HGIMB001423,SERVICIOS DE SALUD IMSS BIENESTAR ,IMB,13,HIDALGO,29,16,LLANO LARGO,RURAL DE 01 NÚCLEO BÁSICO,LLANO LARGO,PRIMER NIVEL,20.300467,-99.7628211,EN OPERACION
HGIMB001435,SERVICIOS DE SALUD IMSS BIENESTAR ,IMB,13,HIDALGO,29,17,MAMITHI,RURAL DE 01 NÚCLEO BÁSICO,MAMITHI,PRIMER NIVEL,20.411349,-99.665724,EN OPERACION
HGIMB001440,SERVICIOS DE SALUD IMSS BIENESTAR ,IMB,13,HIDALGO,29,18,MANEY,RURAL DE 01 NÚCLEO BÁSICO,MANEY,PRIMER NIVEL,20.392002,-99.692945,EN OPERACION
HGIMB001452,SERVICIOS DE SALUD IMSS BIENESTAR ,IMB,13,HIDALGO,29,24,SAN JOSE ATLAN,URBANO DE 02 NÚCLEOS BÁSICOS,SAN JOSÉ ATLAN,PRIMER NIVEL,20.339699,-99.6714622,EN OPERACION
HGIMB001464,SERVICIOS DE SALUD IMSS BIENESTAR ,IMB,13,HIDALGO,29,26,TAGUI,RURAL DE 01 NÚCLEO BÁSICO,TAGUI,PRIMER NIVEL,20.446597,-99.640762,EN OPERACION
HGIMB001476,SERVICIOS DE SALUD IMSS BIENESTAR ,IMB,13,HIDALGO,29,29,TLAXCALILLA,URBANO DE 02 NÚCLEOS BÁSICOS,TLAXCALILLA,PRIMER NIVEL,20.382026,-99.812274,EN OPERACION
HGIMB001481,SERVICIOS DE SALUD IMSS BIENESTAR ,IMB,13,HIDALGO,30,1,IXMIQUILPAN,HOSPITAL GENERAL,HOSPITAL GENERAL DEL VALLE DEL MEZQUITAL IXMIQUILPAN,SEGUNDO NIVEL,20.433787,-99.155446,EN OPERACION
HGIMB001493,SERVICIOS DE SALUD IMSS BIENESTAR ,IMB,13,HIDALGO,30,1,IXMIQUILPAN,URBANO DE 06 NÚCLEOS BÁSICOS,IXMIQUILPAN,PRIMER NIVEL,20.479404,-99.218648,EN OPERACION
HGIMB001505,SERVICIOS DE SALUD IMSS BIENESTAR ,IMB,13,HIDALGO,30,2,EL ALBERTO,RURAL DE 01 NÚCLEO BÁSICO,EL ALBERTO,PRIMER NIVEL,20.413186,-99.21884,EN OPERACION
HGIMB001510,SERVICIOS DE SALUD IMSS BIENESTAR ,IMB,13,HIDALGO,30,11,CUESTA COLORADA,RURAL DE 01 NÚCLEO BÁSICO,CUESTA COLORADA,PRIMER NIVEL,20.697815,-99.193757,EN OPERACION
HGIMB001522,SERVICIOS DE SALUD IMSS BIENESTAR ,IMB,13,HIDALGO,30,12,EL DEFAY,RURAL DE 01 NÚCLEO BÁSICO,EL DEFAY,PRIMER NIVEL,20.640407,-99.189152,EN OPERACION
HGIMB001534,SERVICIOS DE SALUD IMSS BIENESTAR ,IMB,13,HIDALGO,30,14,EL DEXTHI SAN JUANICO,RURAL DE 01 NÚCLEO BÁSICO,DEXTHI SAN JUANICO,PRIMER NIVEL,20.569534,-99.234537,EN OPERACION
HGIMB001546,SERVICIOS DE SALUD IMSS BIENESTAR ,IMB,13,HIDALGO,30,16,DIOS PADRE,RURAL DE 01 NÚCLEO BÁSICO,DIOS PADRE,PRIMER NIVEL,20.463888,-99.201124,EN OPERACION
HGIMB001551,SERVICIOS DE SALUD IMSS BIENESTAR ,IMB,13,HIDALGO,30,18,EL ESPIRITU,RURAL DE 01 NÚCLEO BÁSICO,EL ESPIRITU,PRIMER NIVEL,20.586819,-99.166223,EN OPERACION
HGIMB001563,SERVICIOS DE SALUD IMSS BIENESTAR ,IMB,13,HIDALGO,30,25,IGNACIO LOPEZ RAYON,RURAL DE 01 NÚCLEO BÁSICO,IGNACIO LÓPEZ RAYON,PRIMER NIVEL,20.486702,-99.271372,EN OPERACION
HGIMB001575,SERVICIOS DE SALUD IMSS BIENESTAR ,IMB,13,HIDALGO,30,26,JULIAN VILLAGRAN,RURAL DE 02 NÚCLEOS BÁSICOS,JULIÁN VILLAGRAN,PRIMER NIVEL,20.401825,-99.100719,EN OPERACION
HGIMB001580,SERVICIOS DE SALUD IMSS BIENESTAR ,IMB,13,HIDALGO,30,27,LA LAGUNITA,RURAL DE 01 NÚCLEO BÁSICO,LA LAGUNITA,PRIMER NIVEL,20.663403,-99.239368,EN OPERACION
HGIMB001592,SERVICIOS DE SALUD IMSS BIENESTAR ,IMB,13,HIDALGO,30,28,MAGUEY BLANCO,RURAL DE 01 NÚCLEO BÁSICO,MAGUEY BLANCO,PRIMER NIVEL,20.421161,-99.167395,EN OPERACION
HGIMB001604,SERVICIOS DE SALUD IMSS BIENESTAR ,IMB,13,HIDALGO,30,34,ORIZABITA,RURAL DE 01 NÚCLEO BÁSICO,ORIZABITA,PRIMER NIVEL,20.582369,-99.208931,EN OPERACION
HGIMB001616,SERVICIOS DE SALUD IMSS BIENESTAR ,IMB,13,HIDALGO,30,35,PANALES,URBANO DE 01 NÚCLEOS BÁSICOS,PANALES,PRIMER NIVEL,20.473802,-99.263812,EN OPERACION
HGIMB001621,SERVICIOS DE SALUD IMSS BIENESTAR ,IMB,13,HIDALGO,30,38,PUEBLO NUEVO,RURAL DE 01 NÚCLEO BÁSICO,PUEBLO NUEVO,PRIMER NIVEL,20.459143,-99.168341,EN OPERACION
HGIMB001633,SERVICIOS DE SALUD IMSS BIENESTAR ,IMB,13,HIDALGO,30,41,LOS REMEDIOS,RURAL DE 01 NÚCLEO BÁSICO,REMEDIOS,PRIMER NIVEL,20.540084,-99.202886,EN OPERACION
HGIMB001645,SERVICIOS DE SALUD IMSS BIENESTAR ,IMB,13,HIDALGO,30,43,SAN JUANICO,RURAL DE 01 NÚCLEO BÁSICO,SAN JUANICO,PRIMER NIVEL,20.53397,-99.243649,EN OPERACION
HGIMB001650,SERVICIOS DE SALUD IMSS BIENESTAR ,IMB,13,HIDALGO,30,47,TAXADHO,RURAL DE 01 NÚCLEO BÁSICO,TAXADHO,PRIMER NIVEL,20.4328973,-99.1509293,EN OPERACION
HGIMB001662,SERVICIOS DE SALUD IMSS BIENESTAR ,IMB,13,HIDALGO,30,48,EL TEPHE,URBANO DE 02 NÚCLEOS BÁSICOS,EL TEPHE,PRIMER NIVEL,20.440445,-99.167358,EN OPERACION
HGIMB001674,SERVICIOS DE SALUD IMSS BIENESTAR ,IMB,13,HIDALGO,30,97,GENERAL FELIPE ANGELES [COLONIA],RURAL DE 02 NÚCLEOS BÁSICOS,COLONIA GENERAL FELIPE ÁNGELES,PRIMER NIVEL,20.499458,-99.194376,EN OPERACION
HGIMB001686,SERVICIOS DE SALUD IMSS BIENESTAR ,IMB,13,HIDALGO,31,1,JACALA,HOSPITAL INTEGRAL (COMUNITARIO),HOSPITAL INTEGRAL JACALA,SEGUNDO NIVEL,21.010408,-99.194832,EN OPERACION
HGIMB001691,SERVICIOS DE SALUD IMSS BIENESTAR ,IMB,13,HIDALGO,31,1,JACALA,URBANO DE 02 NÚCLEOS BÁSICOS,JACALA,PRIMER NIVEL,21.008143,-99.19296,EN OPERACION
HGIMB001703,SERVICIOS DE SALUD IMSS BIENESTAR ,IMB,13,HIDALGO,31,9,COÑECITO,RURAL DE 01 NÚCLEO BÁSICO,COÑECITO,PRIMER NIVEL,21.041555,-99.125181,EN OPERACION
HGIMB001715,SERVICIOS DE SALUD IMSS BIENESTAR ,IMB,13,HIDALGO,31,29,QUETZALAPA,RURAL DE 01 NÚCLEO BÁSICO,QUETZALAPA,PRIMER NIVEL,20.856803,-99.046039,EN OPERACION
HGIMB001720,SERVICIOS DE SALUD IMSS BIENESTAR ,IMB,13,HIDALGO,31,34,SANTO DOMINGO,RURAL DE 01 NÚCLEO BÁSICO,SANTO DOMINGO,PRIMER NIVEL,20.837326,-99.096807,EN OPERACION
HGIMB001732,SERVICIOS DE SALUD IMSS BIENESTAR ,IMB,13,HIDALGO,32,1,JALTOCAN,URBANO DE 03 NÚCLEOS BÁSICOS,JALTOCAN,PRIMER NIVEL,21.136481,-98.536592,EN OPERACION
HGIMB001744,SERVICIOS DE SALUD IMSS BIENESTAR ,IMB,13,HIDALGO,33,4,SANTA MARIA,RURAL DE 01 NÚCLEO BÁSICO,SANTA MARÍA,PRIMER NIVEL,20.850426,-98.876465,EN OPERACION
HGIMB001756,SERVICIOS DE SALUD IMSS BIENESTAR ,IMB,13,HIDALGO,34,1,LOLOTLA,URBANO DE 02 NÚCLEOS BÁSICOS,LOLOTLA,PRIMER NIVEL,20.843071,-98.719991,EN OPERACION
HGIMB001761,SERVICIOS DE SALUD IMSS BIENESTAR ,IMB,13,HIDALGO,34,13,CHALMA,RURAL DE 01 NÚCLEO BÁSICO,CHALMA,PRIMER NIVEL,20.875878,-98.692603,EN OPERACION
HGIMB001773,SERVICIOS DE SALUD IMSS BIENESTAR ,IMB,13,HIDALGO,34,14,CHANTASCO,RURAL DE 01 NÚCLEO BÁSICO,CHANTASCO,PRIMER NIVEL,21.168773,-98.747075,EN OPERACION
HGIMB001785,SERVICIOS DE SALUD IMSS BIENESTAR ,IMB,13,HIDALGO,34,15,CHICONCOAC,RURAL DE 01 NÚCLEO BÁSICO,CHICONCOAC,PRIMER NIVEL,20.979694,-98.730886,EN OPERACION
HGIMB001790,SERVICIOS DE SALUD IMSS BIENESTAR ,IMB,13,HIDALGO,35,1,METEPEC,URBANO DE 02 NÚCLEOS BÁSICOS,METEPEC,PRIMER NIVEL,20.237252,-98.320354,EN OPERACION
HGIMB001802,SERVICIOS DE SALUD IMSS BIENESTAR ,IMB,13,HIDALGO,37,1,METZTITLAN,URBANO DE 03 NÚCLEOS BÁSICOS,METZTITLAN,PRIMER NIVEL,20.59369,-98.76017,EN OPERACION
HGIMB001814,SERVICIOS DE SALUD IMSS BIENESTAR ,IMB,13,HIDALGO,37,10,EL CARRIZAL,RURAL DE 01 NÚCLEO BÁSICO,EL CARRIZAL,PRIMER NIVEL,20.499125,-98.694633,EN OPERACION
HGIMB001826,SERVICIOS DE SALUD IMSS BIENESTAR ,IMB,13,HIDALGO,37,20,ITZTAZACUALA,RURAL DE 01 NÚCLEO BÁSICO,ITZTAZACUALA,PRIMER NIVEL,20.584593,-98.84252,EN OPERACION
HGIMB001831,SERVICIOS DE SALUD IMSS BIENESTAR ,IMB,13,HIDALGO,37,26,LA MESA GRANDE (MESA GRANDE),RURAL DE 01 NÚCLEO BÁSICO,LA MESA GRANDE,PRIMER NIVEL,20.66094,-98.77241,EN OPERACION
HGIMB001843,SERVICIOS DE SALUD IMSS BIENESTAR ,IMB,13,HIDALGO,37,31,EL PEDREGAL DE ZARAGOZA (EL PEDREGAL),RURAL DE 01 NÚCLEO BÁSICO,EL PEDREGAL DE ZARAGOZA,PRIMER NIVEL,20.638505,-98.808584,EN OPERACION
HGIMB001855,SERVICIOS DE SALUD IMSS BIENESTAR ,IMB,13,HIDALGO,37,32,EL PIRU TEPOZOTLAN (EL PIRU),RURAL DE 01 NÚCLEO BÁSICO,EL PIRU TEPOZOTLAN,PRIMER NIVEL,20.527207,-98.786817,EN OPERACION
HGIMB001860,SERVICIOS DE SALUD IMSS BIENESTAR ,IMB,13,HIDALGO,37,38,SAN CRISTOBAL,RURAL DE 01 NÚCLEO BÁSICO,SAN CRISTÓBAL,PRIMER NIVEL,20.6386363,-98.8318096,EN OPERACION
HGIMB001872,SERVICIOS DE SALUD IMSS BIENESTAR ,IMB,13,HIDALGO,37,44,SANTA MONICA AUTEMPA,RURAL DE 01 NÚCLEO BÁSICO,SANTA MONICA AUTEMPA,PRIMER NIVEL,20.345796,-98.939264,EN OPERACION
HGIMB001884,SERVICIOS DE SALUD IMSS BIENESTAR ,IMB,13,HIDALGO,37,54,TLAXCO,RURAL DE 01 NÚCLEO BÁSICO,TLAXCO,PRIMER NIVEL,20.70539,-98.809138,EN OPERACION
HGIMB001896,SERVICIOS DE SALUD IMSS BIENESTAR ,IMB,13,HIDALGO,38,1,MINERAL DEL CHICO,URBANO DE 03 NÚCLEOS BÁSICOS,MINERAL DEL CHICO,PRIMER NIVEL,20.2144,-98.73076,EN OPERACION
HGIMB001901,SERVICIOS DE SALUD IMSS BIENESTAR ,IMB,13,HIDALGO,38,3,CAPULA,RURAL DE 01 NÚCLEO BÁSICO,CAPULA,PRIMER NIVEL,20.2207375,-98.7965099,EN OPERACION
HGIMB001913,SERVICIOS DE SALUD IMSS BIENESTAR ,IMB,13,HIDALGO,38,4,CARBONERAS,RURAL DE 01 NÚCLEO BÁSICO,CARBONERAS,PRIMER NIVEL,20.21353,-98.69731,EN OPERACION
HGIMB001925,SERVICIOS DE SALUD IMSS BIENESTAR ,IMB,13,HIDALGO,38,7,LA ESTANZUELA,RURAL DE 01 NÚCLEO BÁSICO,ESTANZUELA,PRIMER NIVEL,20.17592,-98.75854,EN OPERACION
HGIMB001930,SERVICIOS DE SALUD IMSS BIENESTAR ,IMB,13,HIDALGO,38,19,SAN SEBASTIAN CAPULINES,RURAL DE 01 NÚCLEO BÁSICO,SAN SEBASTIAN CAPULINES,PRIMER NIVEL,20.26037,-98.77257,EN OPERACION
HGIMB001942,SERVICIOS DE SALUD IMSS BIENESTAR ,IMB,13,HIDALGO,40,1,LA MISION,URBANO DE 03 NÚCLEOS BÁSICOS,LA MISION,PRIMER NIVEL,21.099951,-99.121772,EN OPERACION
HGIMB001954,SERVICIOS DE SALUD IMSS BIENESTAR ,IMB,13,HIDALGO,40,22,JACALILLA,RURAL DE 01 NÚCLEO BÁSICO,JACALILLA,PRIMER NIVEL,21.064648,-99.040397,EN OPERACION
HGIMB001966,SERVICIOS DE SALUD IMSS BIENESTAR ,IMB,13,HIDALGO,41,1,MIXQUIAHUALA DE JUAREZ,URBANO DE 03 NÚCLEOS BÁSICOS,TAXHUADA,PRIMER NIVEL,20.220452,-99.236201,EN OPERACION
HGIMB001971,SERVICIOS DE SALUD IMSS BIENESTAR ,IMB,13,HIDALGO,41,4,CAÑADA,RURAL DE 01 NÚCLEO BÁSICO,CAÑADA,PRIMER NIVEL,20.1744871,-99.1926489,EN OPERACION
HGIMB001983,SERVICIOS DE SALUD IMSS BIENESTAR ,IMB,13,HIDALGO,41,6,JAGÜEY BLANCO,RURAL DE 01 NÚCLEO BÁSICO,JAGUEY BLANCO,PRIMER NIVEL,20.2762547,-99.1526901,EN OPERACION
HGIMB001995,SERVICIOS DE SALUD IMSS BIENESTAR ,IMB,13,HIDALGO,41,8,MOTOBATHA,RURAL DE 01 NÚCLEO BÁSICO,MOTOBATHA,PRIMER NIVEL,20.182718,-99.2056842,EN OPERACION
HGIMB002000,SERVICIOS DE SALUD IMSS BIENESTAR ,IMB,13,HIDALGO,41,9,PALMILLAS [COLONIA],RURAL DE 01 NÚCLEO BÁSICO,COLONIA PALMILLAS,PRIMER NIVEL,20.2179354,-99.1981561,EN OPERACION
HGIMB002012,SERVICIOS DE SALUD IMSS BIENESTAR ,IMB,13,HIDALGO,41,10,COLONIA TEÑHE,URBANO DE 01 NÚCLEOS BÁSICOS,COLONIA TEÑHE,PRIMER NIVEL,20.1930685,-99.179888,EN OPERACION
HGIMB002024,SERVICIOS DE SALUD IMSS BIENESTAR ,IMB,13,HIDALGO,41,12,VERACRUZ [COLONIA],RURAL DE 01 NÚCLEO BÁSICO,COLONIA VERACRUZ,PRIMER NIVEL,20.2575129,-99.141781,EN OPERACION
HGIMB002036,SERVICIOS DE SALUD IMSS BIENESTAR ,IMB,13,HIDALGO,41,34,CINTA LARGA SECCION 22,HOSPITAL INTEGRAL (COMUNITARIO),HOSPITAL INTEGRAL CINTA LARGA,SEGUNDO NIVEL,20.189068,-99.22494,EN OPERACION
HGIMB002041,SERVICIOS DE SALUD IMSS BIENESTAR ,IMB,13,HIDALGO,42,1,MOLANGO DE ESCAMILLA,URBANO DE 03 NÚCLEOS BÁSICOS,MOLANGO,PRIMER NIVEL,20.785444,-98.725994,EN OPERACION
HGIMB002053,SERVICIOS DE SALUD IMSS BIENESTAR ,IMB,13,HIDALGO,42,2,ACAYUCA,RURAL DE 01 NÚCLEO BÁSICO,ACAYUCA,PRIMER NIVEL,20.9649454,-98.7791587,EN OPERACION
HGIMB002065,SERVICIOS DE SALUD IMSS BIENESTAR ,IMB,13,HIDALGO,42,11,IXCUICUILA,RURAL DE 01 NÚCLEO BÁSICO,IXCUICUILA,PRIMER NIVEL,20.960744,-98.84333,EN OPERACION
HGIMB002070,SERVICIOS DE SALUD IMSS BIENESTAR ,IMB,13,HIDALGO,42,17,SAN ANTONIO,RURAL DE 01 NÚCLEO BÁSICO,SAN ANTONIO,PRIMER NIVEL,20.889598,-98.839409,EN OPERACION
HGIMB002082,SERVICIOS DE SALUD IMSS BIENESTAR ,IMB,13,HIDALGO,43,1,NICOLAS FLORES,URBANO DE 03 NÚCLEOS BÁSICOS,NICOLÁS FLORES,PRIMER NIVEL,20.768247,-99.151717,EN OPERACION
HGIMB002094,SERVICIOS DE SALUD IMSS BIENESTAR ,IMB,13,HIDALGO,43,4,BOCUA,RURAL DE 01 NÚCLEO BÁSICO,EL BOCUA,PRIMER NIVEL,20.725549,-99.167583,EN OPERACION
HGIMB002106,SERVICIOS DE SALUD IMSS BIENESTAR ,IMB,13,HIDALGO,43,11,ITATLAXCO,RURAL DE 01 NÚCLEO BÁSICO,ITATLAXCO,PRIMER NIVEL,20.2205654,-99.2362893,EN OPERACION
HGIMB002111,SERVICIOS DE SALUD IMSS BIENESTAR ,IMB,13,HIDALGO,43,21,TAXHAY,RURAL DE 01 NÚCLEO BÁSICO,TAXHAY,PRIMER NIVEL,20.758482,-99.220626,EN OPERACION
HGIMB002123,SERVICIOS DE SALUD IMSS BIENESTAR ,IMB,13,HIDALGO,44,1,NOPALA DE VILLAGRAN,URBANO DE 02 NÚCLEOS BÁSICOS,NOPALA,PRIMER NIVEL,20.25446,-99.656708,EN OPERACION
HGIMB002135,SERVICIOS DE SALUD IMSS BIENESTAR ,IMB,13,HIDALGO,44,2,BATHA Y BARRIOS,RURAL DE 01 NÚCLEO BÁSICO,BATHA,PRIMER NIVEL,20.2435,-99.721527,EN OPERACION
HGIMB002140,SERVICIOS DE SALUD IMSS BIENESTAR ,IMB,13,HIDALGO,44,13,EL JAGÜEY,RURAL DE 02 NÚCLEOS BÁSICOS,JAGUEY,PRIMER NIVEL,20.2416104,-99.6070511,EN OPERACION
HGIMB002152,SERVICIOS DE SALUD IMSS BIENESTAR ,IMB,13,HIDALGO,44,30,SAN SEBASTIAN TENOCHTITLAN,RURAL DE 01 NÚCLEO BÁSICO,SAN SEBASTIAN TENOCHTITLAN,PRIMER NIVEL,20.278596,-99.689534,EN OPERACION
HGIMB002164,SERVICIOS DE SALUD IMSS BIENESTAR ,IMB,13,HIDALGO,44,33,SAN SEBASTIAN DE JUAREZ,RURAL DE 01 NÚCLEO BÁSICO,SAN SEBASTIAN JUÁREZ,PRIMER NIVEL,20.170265,-99.5348744,EN OPERACION
HGIMB002176,SERVICIOS DE SALUD IMSS BIENESTAR ,IMB,13,HIDALGO,45,1,OMITLAN DE JUAREZ,URBANO DE 03 NÚCLEOS BÁSICOS,OMITLAN,PRIMER NIVEL,20.1696454,-98.648971,EN OPERACION
HGIMB002181,SERVICIOS DE SALUD IMSS BIENESTAR ,IMB,13,HIDALGO,45,22,SAN ANTONIO EL PASO,RURAL DE 01 NÚCLEO BÁSICO,SAN ANTONIO EL PASO,PRIMER NIVEL,20.14806,-98.61685,EN OPERACION
HGIMB002193,SERVICIOS DE SALUD IMSS BIENESTAR ,IMB,13,HIDALGO,46,1,SAN FELIPE ORIZATLAN,URBANO DE 03 NÚCLEOS BÁSICOS,SAN FELIPE ORIZATLAN,PRIMER NIVEL,21.16829,-98.6065,EN OPERACION
HGIMB002205,SERVICIOS DE SALUD IMSS BIENESTAR ,IMB,13,HIDALGO,46,4,AHUATITLA,URBANO DE 02 NÚCLEOS BÁSICOS,AHUATITLA,PRIMER NIVEL,21.165626,-98.660772,EN OPERACION
HGIMB002210,SERVICIOS DE SALUD IMSS BIENESTAR ,IMB,13,HIDALGO,46,37,NEXPA,RURAL DE 01 NÚCLEO BÁSICO,NEXPA,PRIMER NIVEL,21.375726,-98.55783,EN OPERACION
HGIMB002222,SERVICIOS DE SALUD IMSS BIENESTAR ,IMB,13,HIDALGO,46,44,LAS PIEDRAS (MICROPOLIS ECOLOGICA LAS PIEDRAS),RURAL DE 01 NÚCLEO BÁSICO,LAS PIEDRAS MICROPOLIS ECOLOGICA,PRIMER NIVEL,21.361783,-98.505234,EN OPERACION
HGIMB002234,SERVICIOS DE SALUD IMSS BIENESTAR ,IMB,13,HIDALGO,46,55,TALOL,RURAL DE 01 NÚCLEO BÁSICO,TALOL,PRIMER NIVEL,21.115191,-98.624214,EN OPERACION
HGIMB002246,SERVICIOS DE SALUD IMSS BIENESTAR ,IMB,13,HIDALGO,46,99,EL CARRIZAL,RURAL DE 01 NÚCLEO BÁSICO,EL CARRIZAL,PRIMER NIVEL,21.22683,-98.544795,EN OPERACION
HGIMB002251,SERVICIOS DE SALUD IMSS BIENESTAR ,IMB,13,HIDALGO,46,102,LOS HUMOS,RURAL DE 01 NÚCLEO BÁSICO,LOS HUMOS,PRIMER NIVEL,21.182627,-98.547709,EN OPERACION
HGIMB002263,SERVICIOS DE SALUD IMSS BIENESTAR ,IMB,13,HIDALGO,47,8,JILIAPAN,RURAL DE 03 NÚCLEOS BÁSICOS Y MÁS,JILIAPAN,PRIMER NIVEL,20.978878,-99.342967,EN OPERACION
HGIMB002275,SERVICIOS DE SALUD IMSS BIENESTAR ,IMB,13,HIDALGO,47,18,POTRERILLOS,RURAL DE 01 NÚCLEO BÁSICO,POTRERILLOS,PRIMER NIVEL,20.975468,-99.303612,EN OPERACION
HGIMB002280,SERVICIOS DE SALUD IMSS BIENESTAR ,IMB,13,HIDALGO,47,21,SANTA MARIA MIRAFLORES,RURAL DE 01 NÚCLEO BÁSICO,SANTA MARÍA MIRAFLORES,PRIMER NIVEL,20.9140973,-99.3299036,EN OPERACION
HGIMB002292,SERVICIOS DE SALUD IMSS BIENESTAR ,IMB,13,HIDALGO,48,1,PACHUCA DE SOTO,URBANO DE 10 NÚCLEOS BÁSICOS,PIRACANTOS,PRIMER NIVEL,20.120699,-98.774261,EN OPERACION
HGIMB002304,SERVICIOS DE SALUD IMSS BIENESTAR ,IMB,13,HIDALGO,48,1,PACHUCA DE SOTO,HOSPITAL GENERAL,HOSPITAL GENERAL PACHUCA,TERCER NIVEL,20.11376,-98.722855,EN OPERACION
HGIMB002316,SERVICIOS DE SALUD IMSS BIENESTAR ,IMB,13,HIDALGO,48,1,PACHUCA DE SOTO,URBANO DE 03 NÚCLEOS BÁSICOS,AQUILES SERDÁN,PRIMER NIVEL,20.1296037,-98.75772,EN OPERACION
HGIMB002321,SERVICIOS DE SALUD IMSS BIENESTAR ,IMB,13,HIDALGO,48,1,PACHUCA DE SOTO,URBANO DE 02 NÚCLEOS BÁSICOS,COLONIA BUENOS AIRES,PRIMER NIVEL,20.1223279,-98.7209669,EN OPERACION
HGIMB002333,SERVICIOS DE SALUD IMSS BIENESTAR ,IMB,13,HIDALGO,48,1,PACHUCA DE SOTO,URBANO DE 01 NÚCLEOS BÁSICOS,COLONIA CUAUHTÉMOC,PRIMER NIVEL,20.1284964,-98.7416263,EN OPERACION
HGIMB002345,SERVICIOS DE SALUD IMSS BIENESTAR ,IMB,13,HIDALGO,48,1,PACHUCA DE SOTO,URBANO DE 01 NÚCLEOS BÁSICOS,COLONIA ROJO GÓMEZ,PRIMER NIVEL,20.1206051,-98.7516527,EN OPERACION
HGIMB002350,SERVICIOS DE SALUD IMSS BIENESTAR ,IMB,13,HIDALGO,48,1,PACHUCA DE SOTO,URBANO DE 02 NÚCLEOS BÁSICOS,LA ALCANTARILLA,PRIMER NIVEL,20.132681,-98.727362,EN OPERACION
HGIMB002362,SERVICIOS DE SALUD IMSS BIENESTAR ,IMB,13,HIDALGO,48,1,PACHUCA DE SOTO,URBANO DE 03 NÚCLEOS BÁSICOS,COLONIA EL ARBOLITO,PRIMER NIVEL,20.135254,-98.730385,EN OPERACION
HGIMB002374,SERVICIOS DE SALUD IMSS BIENESTAR ,IMB,13,HIDALGO,48,1,PACHUCA DE SOTO,URBANO DE 02 NÚCLEOS BÁSICOS,COLONIA CUBITOS,PRIMER NIVEL,20.111132,-98.73362,EN OPERACION
HGIMB002386,SERVICIOS DE SALUD IMSS BIENESTAR ,IMB,13,HIDALGO,48,1,PACHUCA DE SOTO,URBANO DE 02 NÚCLEOS BÁSICOS,COLONIA LA RAZA,PRIMER NIVEL,20.106353,-98.733576,EN OPERACION
HGIMB002391,SERVICIOS DE SALUD IMSS BIENESTAR ,IMB,13,HIDALGO,48,1,PACHUCA DE SOTO,URBANO DE 02 NÚCLEOS BÁSICOS,ABRAHAM KANAN HUEBE,PRIMER NIVEL,20.116786,-98.721208,EN OPERACION
HGIMB002403,SERVICIOS DE SALUD IMSS BIENESTAR ,IMB,13,HIDALGO,48,1,PACHUCA DE SOTO,URBANO DE 12 NÚCLEOS BÁSICOS Y MÁS,PACHUCA (DR. JESÚS DEL ROSAL),PRIMER NIVEL,20.1177517,-98.730431,EN OPERACION
HGIMB002415,SERVICIOS DE SALUD IMSS BIENESTAR ,IMB,13,HIDALGO,48,150,SAN MIGUEL CEREZO (EL CEREZO),RURAL DE 01 NÚCLEO BÁSICO,SAN MIGUEL EL CEREZO EL CEREZO,PRIMER NIVEL,20.152,-98.730667,EN OPERACION
HGIMB002420,SERVICIOS DE SALUD IMSS BIENESTAR ,IMB,13,HIDALGO,48,158,SANTIAGO TLAPACOYA,URBANO DE 02 NÚCLEOS BÁSICOS,SANTIAGO TLAPACOYA,PRIMER NIVEL,20.10239,-98.833341,EN OPERACION
HGIMB002432,SERVICIOS DE SALUD IMSS BIENESTAR ,IMB,13,HIDALGO,49,1,PISAFLORES,URBANO DE 03 NÚCLEOS BÁSICOS,PISAFLORES,PRIMER NIVEL,21.192477,-99.001887,EN OPERACION
HGIMB002444,SERVICIOS DE SALUD IMSS BIENESTAR ,IMB,13,HIDALGO,49,23,GARGANTILLA,RURAL DE 01 NÚCLEO BÁSICO,GARGANTILLA,PRIMER NIVEL,21.263146,-98.958704,EN OPERACION
HGIMB002456,SERVICIOS DE SALUD IMSS BIENESTAR ,IMB,13,HIDALGO,49,24,GUAYABOS,RURAL DE 01 NÚCLEO BÁSICO,GUAYABOS,PRIMER NIVEL,21.2791725,-99.0295746,EN OPERACION
HGIMB002461,SERVICIOS DE SALUD IMSS BIENESTAR ,IMB,13,HIDALGO,49,34,LA PEÑA,RURAL DE 01 NÚCLEO BÁSICO,LA PEÑA,PRIMER NIVEL,21.200053,-99.045138,EN OPERACION
HGIMB002473,SERVICIOS DE SALUD IMSS BIENESTAR ,IMB,13,HIDALGO,50,1,PROGRESO DE OBREGON,URBANO DE 05 NÚCLEOS BÁSICOS,PROGRESO,PRIMER NIVEL,20.245297,-99.190433,EN OPERACION
HGIMB002485,SERVICIOS DE SALUD IMSS BIENESTAR ,IMB,13,HIDALGO,50,3,XOCHITLAN,RURAL DE 01 NÚCLEO BÁSICO,XOCHITLAN,PRIMER NIVEL,20.2982939,-99.1910247,EN OPERACION
HGIMB002490,SERVICIOS DE SALUD IMSS BIENESTAR ,IMB,13,HIDALGO,51,1,PACHUQUILLA,URBANO DE 03 NÚCLEOS BÁSICOS,PACHUQUILLA,PRIMER NIVEL,20.07163,-98.6961,EN OPERACION
HGIMB002502,SERVICIOS DE SALUD IMSS BIENESTAR ,IMB,13,HIDALGO,51,27,LA PROVIDENCIA SIGLO XXI,URBANO DE 02 NÚCLEOS BÁSICOS,LA PROVIDENCIA,PRIMER NIVEL,20.06539,-98.71754,EN OPERACION
HGIMB002514,SERVICIOS DE SALUD IMSS BIENESTAR ,IMB,13,HIDALGO,52,1,SAN AGUSTIN TLAXIACA,URBANO DE 03 NÚCLEOS BÁSICOS,SAN AGUSTÍN TLAXIACA,PRIMER NIVEL,20.115412,-98.888163,EN OPERACION
HGIMB002526,SERVICIOS DE SALUD IMSS BIENESTAR ,IMB,13,HIDALGO,52,9,IXCUINQUITLAPILCO,RURAL DE 01 NÚCLEO BÁSICO,IXCUINQUITLAPILCO,PRIMER NIVEL,20.11517,-98.933088,EN OPERACION
HGIMB002531,SERVICIOS DE SALUD IMSS BIENESTAR ,IMB,13,HIDALGO,52,12,PUERTO MEXICO,RURAL DE 01 NÚCLEO BÁSICO,PUERTO MÉXICO,PRIMER NIVEL,20.098505,-98.994295,EN OPERACION
HGIMB002543,SERVICIOS DE SALUD IMSS BIENESTAR ,IMB,13,HIDALGO,52,50,EL CHAMIZAL,RURAL DE 01 NÚCLEO BÁSICO,SAN JUAN SOLIS,PRIMER NIVEL,20.1623516,-98.936904,EN OPERACION
HGIMB002555,SERVICIOS DE SALUD IMSS BIENESTAR ,IMB,13,HIDALGO,52,19,SAN JUAN TILCUAUTLA,URBANO DE 01 NÚCLEOS BÁSICOS,SAN JUAN TILCUAUTLA,PRIMER NIVEL,20.159436,-98.801217,EN OPERACION
HGIMB002560,SERVICIOS DE SALUD IMSS BIENESTAR ,IMB,13,HIDALGO,52,20,SAN MIGUEL TORNACUXTLA,RURAL DE 02 NÚCLEOS BÁSICOS,SAN MIGUEL TORNACUXTLA,PRIMER NIVEL,20.151895,-98.871524,EN OPERACION
HGIMB002572,SERVICIOS DE SALUD IMSS BIENESTAR ,IMB,13,HIDALGO,53,1,SAN BARTOLO TUTOTEPEC,HOSPITAL INTEGRAL (COMUNITARIO),HOSPITAL REGIONAL OTOMI TEPEHUA,SEGUNDO NIVEL,20.395194,-98.203421,EN OPERACION
HGIMB002584,SERVICIOS DE SALUD IMSS BIENESTAR ,IMB,13,HIDALGO,53,67,SAN ANDRES,RURAL DE 01 NÚCLEO BÁSICO,SAN ANDRÉS,PRIMER NIVEL,20.502225,-98.094422,EN OPERACION
HGIMB002596,SERVICIOS DE SALUD IMSS BIENESTAR ,IMB,13,HIDALGO,53,70,SAN MATEO,RURAL DE 01 NÚCLEO BÁSICO,SAN MATEO,PRIMER NIVEL,20.45565,-98.146637,EN OPERACION
HGIMB002601,SERVICIOS DE SALUD IMSS BIENESTAR ,IMB,13,HIDALGO,53,73,SANTA CRUZ,RURAL DE 01 NÚCLEO BÁSICO,SANTA CRUZ,PRIMER NIVEL,20.467885,-98.267512,EN OPERACION
HGIMB002613,SERVICIOS DE SALUD IMSS BIENESTAR ,IMB,13,HIDALGO,53,74,SANTIAGO,RURAL DE 01 NÚCLEO BÁSICO,SANTIAGO,PRIMER NIVEL,20.400707,-98.220171,EN OPERACION
HGIMB002625,SERVICIOS DE SALUD IMSS BIENESTAR ,IMB,13,HIDALGO,54,7,CAÑADA GRANDE,RURAL DE 01 NÚCLEO BÁSICO,CAÑADA GRANDE,PRIMER NIVEL,20.31159,-99.000768,EN OPERACION
HGIMB002630,SERVICIOS DE SALUD IMSS BIENESTAR ,IMB,13,HIDALGO,54,11,DEXTHO DE VICTORIA,RURAL DE 01 NÚCLEO BÁSICO,DEXTHO DE VICTORIA,PRIMER NIVEL,20.323586,-99.021302,EN OPERACION
HGIMB002642,SERVICIOS DE SALUD IMSS BIENESTAR ,IMB,13,HIDALGO,54,15,PACHECO DE ALLENDE,RURAL DE 01 NÚCLEO BÁSICO,PACHECO DE ALLENDE,PRIMER NIVEL,20.263204,-99.051819,EN OPERACION
HGIMB002654,SERVICIOS DE SALUD IMSS BIENESTAR ,IMB,13,HIDALGO,54,19,SAN ANTONIO ZARAGOZA,URBANO DE 01 NÚCLEOS BÁSICOS,SAN ANTONIO ZARAGOZA,PRIMER NIVEL,20.2541817,-98.9968121,EN OPERACION
HGIMB002666,SERVICIOS DE SALUD IMSS BIENESTAR ,IMB,13,HIDALGO,54,20,SAN MIGUEL ACAMBAY,RURAL DE 01 NÚCLEO BÁSICO,SAN MIGUEL ACAMBAY,PRIMER NIVEL,20.2776325,-99.0544544,EN OPERACION
HGIMB002671,SERVICIOS DE SALUD IMSS BIENESTAR ,IMB,13,HIDALGO,54,21,SANTA MARIA AMAJAC,RURAL DE 02 NÚCLEOS BÁSICOS,SANTA MARÍA AMAJAC,PRIMER NIVEL,20.225076,-98.999391,EN OPERACION
HGIMB002683,SERVICIOS DE SALUD IMSS BIENESTAR ,IMB,13,HIDALGO,54,23,TEOFANI,RURAL DE 01 NÚCLEO BÁSICO,TEOFANI,PRIMER NIVEL,20.323321,-99.04343,EN OPERACION
HGIMB002695,SERVICIOS DE SALUD IMSS BIENESTAR ,IMB,13,HIDALGO,54,32,CAXUXI,URBANO DE 02 NÚCLEOS BÁSICOS,CAXUXI,PRIMER NIVEL,20.30246,-98.993964,EN OPERACION
HGIMB002700,SERVICIOS DE SALUD IMSS BIENESTAR ,IMB,13,HIDALGO,54,48,EL PUERTO LAZARO CARDENAS,RURAL DE 01 NÚCLEO BÁSICO,EL PUERTO LÁZARO CÁRDENAS,PRIMER NIVEL,20.2214944,-99.0195296,EN OPERACION
HGIMB002712,SERVICIOS DE SALUD IMSS BIENESTAR ,IMB,13,HIDALGO,55,1,SANTIAGO DE ANAYA,URBANO DE 02 NÚCLEOS BÁSICOS,SANTIAGO DE ANAYA,PRIMER NIVEL,20.3826876,-98.9634631,EN OPERACION
HGIMB002724,SERVICIOS DE SALUD IMSS BIENESTAR ,IMB,13,HIDALGO,55,4,CERRITOS,RURAL DE 01 NÚCLEO BÁSICO,CERRITOS,PRIMER NIVEL,20.3528684,-99.0115048,EN OPERACION
HGIMB002736,SERVICIOS DE SALUD IMSS BIENESTAR ,IMB,13,HIDALGO,55,5,EL ENCINO,RURAL DE 01 NÚCLEO BÁSICO,EL ENCINO,PRIMER NIVEL,20.4444167,-98.9188985,EN OPERACION
HGIMB002741,SERVICIOS DE SALUD IMSS BIENESTAR ,IMB,13,HIDALGO,55,8,GUERRERO,RURAL DE 01 NÚCLEO BÁSICO,GUERRERO,PRIMER NIVEL,20.367931,-99.007495,EN OPERACION
HGIMB002753,SERVICIOS DE SALUD IMSS BIENESTAR ,IMB,13,HIDALGO,55,11,EL MEZQUITAL,RURAL DE 01 NÚCLEO BÁSICO,MEZQUITAL,PRIMER NIVEL,20.372856,-99.020975,EN OPERACION
HGIMB002765,SERVICIOS DE SALUD IMSS BIENESTAR ,IMB,13,HIDALGO,55,13,PATRIA NUEVA,RURAL DE 01 NÚCLEO BÁSICO,PATRIA NUEVA,PRIMER NIVEL,20.3730193,-99.0497609,EN OPERACION
HGIMB002770,SERVICIOS DE SALUD IMSS BIENESTAR ,IMB,13,HIDALGO,55,14,SANTA MONICA,RURAL DE 01 NÚCLEO BÁSICO,SANTA MONICA,PRIMER NIVEL,20.345778,-98.939206,EN OPERACION
HGIMB002782,SERVICIOS DE SALUD IMSS BIENESTAR ,IMB,13,HIDALGO,55,17,YOLOTEPEC,RURAL DE 02 NÚCLEOS BÁSICOS,YOLOTEPEC,PRIMER NIVEL,20.3892987,-99.0786548,EN OPERACION
HGIMB002794,SERVICIOS DE SALUD IMSS BIENESTAR ,IMB,13,HIDALGO,56,1,SANTIAGO TULANTEPEC,URBANO DE 03 NÚCLEOS BÁSICOS,SANTIAGO TULANTEPEC DE LUGO GUERRERO,PRIMER NIVEL,20.035333,-98.359356,EN OPERACION
HGIMB002806,SERVICIOS DE SALUD IMSS BIENESTAR ,IMB,13,HIDALGO,56,5,EL PEDREGAL DE SAN JOSE,URBANO DE 01 NÚCLEOS BÁSICOS,EL PEDREGAL DE SAN JOSÉ,PRIMER NIVEL,20.065487,-98.408232,EN OPERACION
HGIMB002811,SERVICIOS DE SALUD IMSS BIENESTAR ,IMB,13,HIDALGO,57,1,SINGUILUCAN,URBANO DE 03 NÚCLEOS BÁSICOS,SINGUILUCAN,PRIMER NIVEL,19.967464,-98.52507,EN OPERACION
HGIMB002823,SERVICIOS DE SALUD IMSS BIENESTAR ,IMB,13,HIDALGO,57,14,MATIAS RODRIGUEZ,RURAL DE 01 NÚCLEO BÁSICO,MATIAS RODRÍGUEZ,PRIMER NIVEL,20.034254,-98.531051,EN OPERACION
HGIMB002835,SERVICIOS DE SALUD IMSS BIENESTAR ,IMB,13,HIDALGO,57,18,PLUTARCO ELIAS CALLES,RURAL DE 02 NÚCLEOS BÁSICOS,PLUTARCO ELIAS CALLES,PRIMER NIVEL,19.944294,-98.392249,EN OPERACION
HGIMB002840,SERVICIOS DE SALUD IMSS BIENESTAR ,IMB,13,HIDALGO,58,1,TASQUILLO,URBANO DE 03 NÚCLEOS BÁSICOS,TASQUILLO,PRIMER NIVEL,20.552284,-99.311101,EN OPERACION
HGIMB002852,SERVICIOS DE SALUD IMSS BIENESTAR ,IMB,13,HIDALGO,58,6,CANDELARIA,RURAL DE 01 NÚCLEO BÁSICO,CANDELARIA,PRIMER NIVEL,20.56511,-99.31006,EN OPERACION
HGIMB002864,SERVICIOS DE SALUD IMSS BIENESTAR ,IMB,13,HIDALGO,58,9,DANGHU,RURAL DE 01 NÚCLEO BÁSICO,DANGHU,PRIMER NIVEL,20.505847,-99.347553,EN OPERACION
HGIMB002876,SERVICIOS DE SALUD IMSS BIENESTAR ,IMB,13,HIDALGO,59,1,TECOZAUTLA,URBANO DE 03 NÚCLEOS BÁSICOS,TECOZAUTLA,PRIMER NIVEL,20.544211,-99.639196,EN OPERACION
HGIMB002881,SERVICIOS DE SALUD IMSS BIENESTAR ,IMB,13,HIDALGO,59,19,LA MESILLA,RURAL DE 01 NÚCLEO BÁSICO,LA MESILLA,PRIMER NIVEL,20.485349,-99.671137,EN OPERACION
HGIMB002893,SERVICIOS DE SALUD IMSS BIENESTAR ,IMB,13,HIDALGO,59,28,EL SALTO,RURAL DE 01 NÚCLEO BÁSICO,EL SALTO,PRIMER NIVEL,20.530476,-99.491606,EN OPERACION
HGIMB002905,SERVICIOS DE SALUD IMSS BIENESTAR ,IMB,13,HIDALGO,59,29,SAN ANTONIO,RURAL DE 02 NÚCLEOS BÁSICOS,SAN ANTONIO,PRIMER NIVEL,20.534616,-99.719091,EN OPERACION
HGIMB002910,SERVICIOS DE SALUD IMSS BIENESTAR ,IMB,13,HIDALGO,59,30,SAN FRANCISCO,RURAL DE 01 NÚCLEO BÁSICO,SAN FRANCISCO,PRIMER NIVEL,20.474782,-99.736442,EN OPERACION
HGIMB002922,SERVICIOS DE SALUD IMSS BIENESTAR ,IMB,13,HIDALGO,59,31,SAN JOAQUIN,RURAL DE 01 NÚCLEO BÁSICO,SAN JOAQUÍN,PRIMER NIVEL,20.502988,-99.775575,EN OPERACION
HGIMB002934,SERVICIOS DE SALUD IMSS BIENESTAR ,IMB,13,HIDALGO,59,33,SAN MIGUEL CALTEPANTLA,RURAL DE 01 NÚCLEO BÁSICO,SAN MIGUEL CALTEPANTLA,PRIMER NIVEL,20.478915,-99.621116,EN OPERACION
HGIMB002946,SERVICIOS DE SALUD IMSS BIENESTAR ,IMB,13,HIDALGO,59,36,UXDEJHE,RURAL DE 01 NÚCLEO BÁSICO,UXDEJHE,PRIMER NIVEL,20.579815,-99.664824,EN OPERACION
HGIMB002951,SERVICIOS DE SALUD IMSS BIENESTAR ,IMB,13,HIDALGO,60,1,TENANGO DE DORIA,URBANO DE 03 NÚCLEOS BÁSICOS,TENANGO DE DORIA,PRIMER NIVEL,20.338231,-98.225902,EN OPERACION
HGIMB002963,SERVICIOS DE SALUD IMSS BIENESTAR ,IMB,13,HIDALGO,60,4,EL BOPO,RURAL DE 01 NÚCLEO BÁSICO,EL BOPO,PRIMER NIVEL,20.358718,-98.211458,EN OPERACION
HGIMB002975,SERVICIOS DE SALUD IMSS BIENESTAR ,IMB,13,HIDALGO,60,35,SAN PABLO EL GRANDE,RURAL DE 01 NÚCLEO BÁSICO,SAN PABLO EL GRANDE,PRIMER NIVEL,20.361306,-98.160057,EN OPERACION
HGIMB002980,SERVICIOS DE SALUD IMSS BIENESTAR ,IMB,13,HIDALGO,60,36,SANTA MARIA TEMAXCALAPA,RURAL DE 01 NÚCLEO BÁSICO,SANTA MARÍA TEMAXCALAPA,PRIMER NIVEL,20.380523,-98.199909,EN OPERACION
HGIMB002992,SERVICIOS DE SALUD IMSS BIENESTAR ,IMB,13,HIDALGO,61,3,LOS CIDES,RURAL DE 01 NÚCLEO BÁSICO,LOS CIDES,PRIMER NIVEL,19.804697,-98.517593,EN OPERACION
HGIMB003004,SERVICIOS DE SALUD IMSS BIENESTAR ,IMB,13,HIDALGO,61,7,IROLO,RURAL DE 01 NÚCLEO BÁSICO,IROLO,PRIMER NIVEL,19.732088,-98.595804,EN OPERACION
HGIMB003016,SERVICIOS DE SALUD IMSS BIENESTAR ,IMB,13,HIDALGO,61,11,SAN MIGUEL ALLENDE,RURAL DE 01 NÚCLEO BÁSICO,SAN MIGUEL ALLENDE,PRIMER NIVEL,19.874329,-98.405537,EN OPERACION
HGIMB003021,SERVICIOS DE SALUD IMSS BIENESTAR ,IMB,13,HIDALGO,61,16,TULTENGO,RURAL DE 01 NÚCLEO BÁSICO,TULTENGO,PRIMER NIVEL,19.833186,-98.435353,EN OPERACION
HGIMB003033,SERVICIOS DE SALUD IMSS BIENESTAR ,IMB,13,HIDALGO,62,1,TEPEHUACAN DE GUERRERO,URBANO DE 02 NÚCLEOS BÁSICOS,TEPEHUACAN DE GUERRERO,PRIMER NIVEL,21.013642,-98.84175,EN OPERACION
HGIMB003045,SERVICIOS DE SALUD IMSS BIENESTAR ,IMB,13,HIDALGO,62,4,ACUIMANTLA,RURAL DE 01 NÚCLEO BÁSICO,ACUIMANTLA,PRIMER NIVEL,21.035463,-98.797685,EN OPERACION
HGIMB003050,SERVICIOS DE SALUD IMSS BIENESTAR ,IMB,13,HIDALGO,62,6,AMOLA DE OCAMPO,RURAL DE 01 NÚCLEO BÁSICO,AMOLA DE OCAMPO,PRIMER NIVEL,21.073409,-98.895806,EN OPERACION
HGIMB003062,SERVICIOS DE SALUD IMSS BIENESTAR ,IMB,13,HIDALGO,62,7,AQUILASTEC,RURAL DE 01 NÚCLEO BÁSICO,AQUILASTEC,PRIMER NIVEL,21.013266,-98.758474,EN OPERACION
HGIMB003074,SERVICIOS DE SALUD IMSS BIENESTAR ,IMB,13,HIDALGO,62,8,SAN MIGUEL AYOTEMPA,RURAL DE 01 NÚCLEO BÁSICO,SAN MIGUEL AYOTEMPA,PRIMER NIVEL,20.976764,-98.849569,EN OPERACION
HGIMB003086,SERVICIOS DE SALUD IMSS BIENESTAR ,IMB,13,HIDALGO,62,11,CUAZAHUATL,RURAL DE 01 NÚCLEO BÁSICO,CUAZAHUATL,PRIMER NIVEL,21.014931,-98.887011,EN OPERACION
HGIMB003091,SERVICIOS DE SALUD IMSS BIENESTAR ,IMB,13,HIDALGO,62,18,PETLAPIXCA,RURAL DE 01 NÚCLEO BÁSICO,PETLAPIXCA,PRIMER NIVEL,21.171108,-98.784397,EN OPERACION
HGIMB003103,SERVICIOS DE SALUD IMSS BIENESTAR ,IMB,13,HIDALGO,62,20,LA REFORMA,RURAL DE 01 NÚCLEO BÁSICO,LA REFORMA,PRIMER NIVEL,21.074015,-98.86952,EN OPERACION
HGIMB003115,SERVICIOS DE SALUD IMSS BIENESTAR ,IMB,13,HIDALGO,62,23,TAMALA,RURAL DE 01 NÚCLEO BÁSICO,TAMALA,PRIMER NIVEL,21.010275,-98.799964,EN OPERACION
HGIMB003120,SERVICIOS DE SALUD IMSS BIENESTAR ,IMB,13,HIDALGO,62,25,TEXCAPA,RURAL DE 01 NÚCLEO BÁSICO,TEXCAPA DE GUERRERO,PRIMER NIVEL,21.092805,-98.853982,EN OPERACION
HGIMB003132,SERVICIOS DE SALUD IMSS BIENESTAR ,IMB,13,HIDALGO,62,29,XILITLA,RURAL DE 01 NÚCLEO BÁSICO,XILITLA,PRIMER NIVEL,21.07251,-98.806749,EN OPERACION
HGIMB003144,SERVICIOS DE SALUD IMSS BIENESTAR ,IMB,13,HIDALGO,62,30,ZACUALTIPANITO,RURAL DE 01 NÚCLEO BÁSICO,ZACUALTIPANITO,PRIMER NIVEL,21.153735,-98.798785,EN OPERACION
HGIMB003156,SERVICIOS DE SALUD IMSS BIENESTAR ,IMB,13,HIDALGO,63,1,TEPEJI DEL RIO DE OCAMPO,URBANO DE 04 NÚCLEOS BÁSICOS,TLAXINACALPAN TEPEJI DE OCAMPO,PRIMER NIVEL,19.921653,-99.342287,EN OPERACION
HGIMB003161,SERVICIOS DE SALUD IMSS BIENESTAR ,IMB,13,HIDALGO,63,6,MELCHOR OCAMPO (EL SALTO),URBANO DE 02 NÚCLEOS BÁSICOS,MELCHOR OCAMPO EL SALTO,PRIMER NIVEL,19.946491,-99.282491,EN OPERACION
HGIMB003173,SERVICIOS DE SALUD IMSS BIENESTAR ,IMB,13,HIDALGO,63,10,SAN IGNACIO NOPALA,RURAL DE 01 NÚCLEO BÁSICO,SAN IGNACIO NOPALA,PRIMER NIVEL,19.830291,-99.34469,EN OPERACION
HGIMB003185,SERVICIOS DE SALUD IMSS BIENESTAR ,IMB,13,HIDALGO,63,11,SAN ILDEFONSO,URBANO DE 02 NÚCLEOS BÁSICOS,SAN ILDEFONSO,PRIMER NIVEL,19.99387,-99.370672,EN OPERACION
HGIMB003190,SERVICIOS DE SALUD IMSS BIENESTAR ,IMB,13,HIDALGO,63,16,SANTA MARIA QUELITES,RURAL DE 01 NÚCLEO BÁSICO,SANTA MARÍA QUELITES,PRIMER NIVEL,19.855748,-99.348071,EN OPERACION
HGIMB003202,SERVICIOS DE SALUD IMSS BIENESTAR ,IMB,13,HIDALGO,63,17,SANTIAGO TLAPANALOYA,RURAL DE 01 NÚCLEO BÁSICO,SANTIAGO TLAPANALOYA,PRIMER NIVEL,19.870561,-99.350506,EN OPERACION
HGIMB003214,SERVICIOS DE SALUD IMSS BIENESTAR ,IMB,13,HIDALGO,64,1,TEPETITLAN,URBANO DE 03 NÚCLEOS BÁSICOS,TEPETITLAN,PRIMER NIVEL,20.194284,-99.384825,EN OPERACION
HGIMB003226,SERVICIOS DE SALUD IMSS BIENESTAR ,IMB,13,HIDALGO,64,3,GENERAL PEDRO MARIA ANAYA,RURAL DE 01 NÚCLEO BÁSICO,GENERAL PEDRO MARÍA ANAYA,PRIMER NIVEL,20.155273,-99.347796,EN OPERACION
HGIMB003231,SERVICIOS DE SALUD IMSS BIENESTAR ,IMB,13,HIDALGO,64,4,PINO SUAREZ,RURAL DE 01 NÚCLEO BÁSICO,JOSÉ MARÍA PINO SUÁREZ,PRIMER NIVEL,20.24706,-99.422763,EN OPERACION
HGIMB003243,SERVICIOS DE SALUD IMSS BIENESTAR ,IMB,13,HIDALGO,64,8,SAN PEDRO NEXTLALPAN,RURAL DE 01 NÚCLEO BÁSICO,SAN PEDRO NEXTLALPAN,PRIMER NIVEL,20.151333,-99.387535,EN OPERACION
HGIMB003255,SERVICIOS DE SALUD IMSS BIENESTAR ,IMB,13,HIDALGO,65,1,TETEPANGO,URBANO DE 03 NÚCLEOS BÁSICOS,TETEPANGO,PRIMER NIVEL,20.1006682,-99.157647,EN OPERACION
HGIMB003260,SERVICIOS DE SALUD IMSS BIENESTAR ,IMB,13,HIDALGO,65,3,ULAPA DE MELCHOR OCAMPO,RURAL DE 01 NÚCLEO BÁSICO,ULAPA DE MELCHOR OCAMPO,PRIMER NIVEL,20.144672,-99.166555,EN OPERACION
HGIMB003272,SERVICIOS DE SALUD IMSS BIENESTAR ,IMB,13,HIDALGO,66,1,TEZONTEPEC,URBANO DE 03 NÚCLEOS BÁSICOS,TEZONTEPEC,PRIMER NIVEL,19.883302,-98.824119,EN OPERACION
HGIMB003284,SERVICIOS DE SALUD IMSS BIENESTAR ,IMB,13,HIDALGO,66,8,BENITO JUAREZ,URBANO DE 01 NÚCLEOS BÁSICOS,BENITO JUÁREZ,PRIMER NIVEL,19.889452,-98.804408,EN OPERACION
HGIMB003296,SERVICIOS DE SALUD IMSS BIENESTAR ,IMB,13,HIDALGO,67,1,TEZONTEPEC DE ALDAMA,URBANO DE 05 NÚCLEOS BÁSICOS,TEZONTEPEC,PRIMER NIVEL,20.192555,-99.269142,EN OPERACION
HGIMB003301,SERVICIOS DE SALUD IMSS BIENESTAR ,IMB,13,HIDALGO,67,2,SANTIAGO ACAYUTLAN,RURAL DE 01 NÚCLEO BÁSICO,SANTIAGO ACAYUTLAN,PRIMER NIVEL,20.194732,-99.294714,EN OPERACION
HGIMB003313,SERVICIOS DE SALUD IMSS BIENESTAR ,IMB,13,HIDALGO,67,3,ATENGO,URBANO DE 01 NÚCLEOS BÁSICOS,ATENGO,PRIMER NIVEL,20.175175,-99.325198,EN OPERACION
HGIMB003325,SERVICIOS DE SALUD IMSS BIENESTAR ,IMB,13,HIDALGO,67,4,SANTA MARIA BATHA,RURAL DE 01 NÚCLEO BÁSICO,SANTA MARÍA BATHA,PRIMER NIVEL,20.228008,-99.25042,EN OPERACION
HGIMB003330,SERVICIOS DE SALUD IMSS BIENESTAR ,IMB,13,HIDALGO,67,12,TENANGO,RURAL DE 01 NÚCLEO BÁSICO,TENANGO,PRIMER NIVEL,20.222042,-99.288237,EN OPERACION
HGIMB003342,SERVICIOS DE SALUD IMSS BIENESTAR ,IMB,13,HIDALGO,68,1,TIANGUISTENGO,URBANO DE 01 NÚCLEOS BÁSICOS,TIANGUISTENGO,PRIMER NIVEL,20.727182,-98.634359,EN OPERACION
HGIMB003354,SERVICIOS DE SALUD IMSS BIENESTAR ,IMB,13,HIDALGO,68,2,ATECOXCO,RURAL DE 01 NÚCLEO BÁSICO,ATECOXCO,PRIMER NIVEL,20.826049,-98.468514,EN OPERACION
HGIMB003366,SERVICIOS DE SALUD IMSS BIENESTAR ,IMB,13,HIDALGO,68,5,COAMELCO,RURAL DE 01 NÚCLEO BÁSICO,COAMELCO,PRIMER NIVEL,20.75871,-98.466862,EN OPERACION
HGIMB003371,SERVICIOS DE SALUD IMSS BIENESTAR ,IMB,13,HIDALGO,68,41,TEXACAL,RURAL DE 01 NÚCLEO BÁSICO,TEXACAL,PRIMER NIVEL,20.819276,-98.578666,EN OPERACION
HGIMB003383,SERVICIOS DE SALUD IMSS BIENESTAR ,IMB,13,HIDALGO,68,50,XOCHIMILCO,RURAL DE 01 NÚCLEO BÁSICO,XOCHIMILCO,PRIMER NIVEL,20.785796,-98.510647,EN OPERACION
HGIMB003395,SERVICIOS DE SALUD IMSS BIENESTAR ,IMB,13,HIDALGO,69,1,TIZAYUCA,URBANO DE 12 NÚCLEOS BÁSICOS Y MÁS,TIZAYUCA,PRIMER NIVEL,19.843382,-98.979247,EN OPERACION
HGIMB003400,SERVICIOS DE SALUD IMSS BIENESTAR ,IMB,13,HIDALGO,69,8,HUITZILA,URBANO DE 01 NÚCLEOS BÁSICOS,HUITZILA,PRIMER NIVEL,19.816223,-98.956679,EN OPERACION
HGIMB003412,SERVICIOS DE SALUD IMSS BIENESTAR ,IMB,13,HIDALGO,69,10,EL CID,URBANO DE 01 NÚCLEOS BÁSICOS,EL CID,PRIMER NIVEL,19.866203,-98.926714,EN OPERACION
HGIMB003424,SERVICIOS DE SALUD IMSS BIENESTAR ,IMB,13,HIDALGO,69,19,TEPOJACO,URBANO DE 01 NÚCLEOS BÁSICOS,TEPOJACO,PRIMER NIVEL,19.841196,-98.946417,EN OPERACION
HGIMB003436,SERVICIOS DE SALUD IMSS BIENESTAR ,IMB,13,HIDALGO,69,29,LAS PLAZAS,RURAL DE 01 NÚCLEO BÁSICO,LAS PLAZAS,PRIMER NIVEL,19.8711102,-98.9421198,EN OPERACION
HGIMB003441,SERVICIOS DE SALUD IMSS BIENESTAR ,IMB,13,HIDALGO,70,1,TLAHUELILPAN,URBANO DE 03 NÚCLEOS BÁSICOS,TLAHUELILPAN,PRIMER NIVEL,20.128912,-99.23478,EN OPERACION
HGIMB003453,SERVICIOS DE SALUD IMSS BIENESTAR ,IMB,13,HIDALGO,70,2,MUNITEPEC DE MADERO,URBANO DE 01 NÚCLEOS BÁSICOS,MUNITEPEC DE MADERO,PRIMER NIVEL,20.12924,-99.1971,EN OPERACION
HGIMB003465,SERVICIOS DE SALUD IMSS BIENESTAR ,IMB,13,HIDALGO,70,3,COLONIA CUAUHTEMOC,URBANO DE 01 NÚCLEOS BÁSICOS,COLONIA CUAUHTÉMOC,PRIMER NIVEL,20.140228,-99.23981,EN OPERACION
HGIMB003470,SERVICIOS DE SALUD IMSS BIENESTAR ,IMB,13,HIDALGO,71,1,TLAHUILTEPA,URBANO DE 02 NÚCLEOS BÁSICOS,TLAHUILTEPA,PRIMER NIVEL,20.923483,-98.948957,EN OPERACION
HGIMB003482,SERVICIOS DE SALUD IMSS BIENESTAR ,IMB,13,HIDALGO,71,3,AGUA DEL CUERVO,RURAL DE 01 NÚCLEO BÁSICO,AGUA DEL CUERVO,PRIMER NIVEL,20.823333,-98.924487,EN OPERACION
HGIMB003494,SERVICIOS DE SALUD IMSS BIENESTAR ,IMB,13,HIDALGO,71,10,CERRO DEL AGUILA,RURAL DE 01 NÚCLEO BÁSICO,CERRO DEL AGUILA,PRIMER NIVEL,20.888341,-98.989001,EN OPERACION
HGIMB003506,SERVICIOS DE SALUD IMSS BIENESTAR ,IMB,13,HIDALGO,71,23,SAN ANDRES MIRAFLORES,RURAL DE 02 NÚCLEOS BÁSICOS,SAN ANDRÉS MIRAFLORES,PRIMER NIVEL,20.801221,-99.003232,EN OPERACION
HGIMB003511,SERVICIOS DE SALUD IMSS BIENESTAR ,IMB,13,HIDALGO,71,30,XILOCUATITLA (EL PUERTO DE XILOCUATITLA),RURAL DE 01 NÚCLEO BÁSICO,XILOCUATITLA EL PUERTO DE XILOCUATITLA,PRIMER NIVEL,20.979968,-98.916706,EN OPERACION
HGIMB003523,SERVICIOS DE SALUD IMSS BIENESTAR ,IMB,13,HIDALGO,72,1,TLANALAPA,URBANO DE 03 NÚCLEOS BÁSICOS,TLANALAPA,PRIMER NIVEL,19.81537,-98.601283,EN OPERACION
HGIMB003535,SERVICIOS DE SALUD IMSS BIENESTAR ,IMB,13,HIDALGO,72,5,CHICONCUAC,RURAL DE 01 NÚCLEO BÁSICO,CHICONCUAC,PRIMER NIVEL,19.824767,-98.617694,EN OPERACION
HGIMB003540,SERVICIOS DE SALUD IMSS BIENESTAR ,IMB,13,HIDALGO,73,1,TLANCHINOL,URBANO DE 03 NÚCLEOS BÁSICOS,TLANCHINOL,PRIMER NIVEL,21.002611,-98.660778,EN OPERACION
HGIMB003552,SERVICIOS DE SALUD IMSS BIENESTAR ,IMB,13,HIDALGO,73,2,ACAHUASCO,RURAL DE 01 NÚCLEO BÁSICO,ACAHUASCO,PRIMER NIVEL,20.963106,-98.593597,EN OPERACION
HGIMB003564,SERVICIOS DE SALUD IMSS BIENESTAR ,IMB,13,HIDALGO,73,3,ACATIPA,RURAL DE 01 NÚCLEO BÁSICO,ACATIPA,PRIMER NIVEL,21.048669,-98.577886,EN OPERACION
HGIMB003576,SERVICIOS DE SALUD IMSS BIENESTAR ,IMB,13,HIDALGO,73,15,CHICHATLA,RURAL DE 01 NÚCLEO BÁSICO,CHICHATLA,PRIMER NIVEL,20.96179,-98.629382,EN OPERACION
HGIMB003581,SERVICIOS DE SALUD IMSS BIENESTAR ,IMB,13,HIDALGO,73,17,CHIPOCO,RURAL DE 01 NÚCLEO BÁSICO,CHIPOCO,PRIMER NIVEL,20.974878,-98.703306,EN OPERACION
HGIMB003593,SERVICIOS DE SALUD IMSS BIENESTAR ,IMB,13,HIDALGO,73,19,PUEBLO HIDALGO,RURAL DE 01 NÚCLEO BÁSICO,PUEBLO HIDALGO,PRIMER NIVEL,21.1132,-98.67737,EN OPERACION
HGIMB003605,SERVICIOS DE SALUD IMSS BIENESTAR ,IMB,13,HIDALGO,73,21,HUITEPEC,RURAL DE 01 NÚCLEO BÁSICO,HUITEPEC,PRIMER NIVEL,21.0505,-98.725931,EN OPERACION
HGIMB003610,SERVICIOS DE SALUD IMSS BIENESTAR ,IMB,13,HIDALGO,73,23,JALPA,RURAL DE 01 NÚCLEO BÁSICO,JALPA,PRIMER NIVEL,21.109314,-98.712953,EN OPERACION
HGIMB003622,SERVICIOS DE SALUD IMSS BIENESTAR ,IMB,13,HIDALGO,73,25,OLOTLA,RURAL DE 01 NÚCLEO BÁSICO,OLOTLA,PRIMER NIVEL,20.981017,-98.568386,EN OPERACION
HGIMB003634,SERVICIOS DE SALUD IMSS BIENESTAR ,IMB,13,HIDALGO,73,28,PILCUATLA,RURAL DE 01 NÚCLEO BÁSICO,PILCUATLA,PRIMER NIVEL,20.95063,-98.55031,EN OPERACION
HGIMB003646,SERVICIOS DE SALUD IMSS BIENESTAR ,IMB,13,HIDALGO,73,37,SANTA LUCIA,RURAL DE 01 NÚCLEO BÁSICO,SANTA LUCIA,PRIMER NIVEL,21.158611,-98.702622,EN OPERACION
HGIMB003651,SERVICIOS DE SALUD IMSS BIENESTAR ,IMB,13,HIDALGO,73,38,SANTA MARIA CATZOTIPAN (SANTA MARIA TEPETZINTLA),RURAL DE 01 NÚCLEO BÁSICO,SANTA MARÍA CATZOTIPAN SANTA MARÍA TEPETZINTLA,PRIMER NIVEL,21.044025,-98.609608,EN OPERACION
HGIMB003663,SERVICIOS DE SALUD IMSS BIENESTAR ,IMB,13,HIDALGO,73,40,TEMANGO,RURAL DE 01 NÚCLEO BÁSICO,TEMANGO,PRIMER NIVEL,21.131511,-98.691014,EN OPERACION
HGIMB003675,SERVICIOS DE SALUD IMSS BIENESTAR ,IMB,13,HIDALGO,74,1,TLAXCOAPAN,URBANO DE 05 NÚCLEOS BÁSICOS,TLAXCOAPAN,PRIMER NIVEL,20.091661,-99.227933,EN OPERACION
HGIMB003680,SERVICIOS DE SALUD IMSS BIENESTAR ,IMB,13,HIDALGO,74,2,DOXEY,URBANO DE 02 NÚCLEOS BÁSICOS,DOXEY,PRIMER NIVEL,20.08725,-99.243307,EN OPERACION
HGIMB003692,SERVICIOS DE SALUD IMSS BIENESTAR ,IMB,13,HIDALGO,74,3,TELTIPAN DE JUAREZ,URBANO DE 01 NÚCLEOS BÁSICOS,TELTIPAN DE JUÁREZ,PRIMER NIVEL,20.1183617,-99.2005206,EN OPERACION
HGIMB003704,SERVICIOS DE SALUD IMSS BIENESTAR ,IMB,13,HIDALGO,75,1,TOLCAYUCA,URBANO DE 03 NÚCLEOS BÁSICOS,TOLCAYUCA,PRIMER NIVEL,19.955992,-98.917605,EN OPERACION
HGIMB003716,SERVICIOS DE SALUD IMSS BIENESTAR ,IMB,13,HIDALGO,76,1,TULA DE ALLENDE,URBANO DE 07 NÚCLEOS BÁSICOS,TULA DE ALLENDE,PRIMER NIVEL,20.054175,-99.340547,EN OPERACION
HGIMB003721,SERVICIOS DE SALUD IMSS BIENESTAR ,IMB,13,HIDALGO,76,4,XITEJE DE ZAPATA,RURAL DE 01 NÚCLEO BÁSICO,XITEJE DE ZAPATA,PRIMER NIVEL,20.100945,-99.380793,EN OPERACION
HGIMB003733,SERVICIOS DE SALUD IMSS BIENESTAR ,IMB,13,HIDALGO,76,5,HEROES CARRANZA,RURAL DE 01 NÚCLEO BÁSICO,HÉROES CARRANZA,PRIMER NIVEL,20.095623,-99.477058,EN OPERACION
HGIMB003745,SERVICIOS DE SALUD IMSS BIENESTAR ,IMB,13,HIDALGO,76,8,EL LLANO,URBANO DE 02 NÚCLEOS BÁSICOS,EL LLANO PRIMERA SECCIÓN,PRIMER NIVEL,20.0575861,-99.3175561,EN OPERACION
HGIMB003750,SERVICIOS DE SALUD IMSS BIENESTAR ,IMB,13,HIDALGO,76,10,MICHIMALOYA (SAN JUAN MICHIMALOYA),RURAL DE 01 NÚCLEO BÁSICO,MICHIMALOYA,PRIMER NIVEL,20.100677,-99.399114,EN OPERACION
HGIMB003762,SERVICIOS DE SALUD IMSS BIENESTAR ,IMB,13,HIDALGO,76,11,BOMINTZHA,URBANO DE 01 NÚCLEOS BÁSICOS,BOMINTZHA,PRIMER NIVEL,20.0117499,-99.269706,EN OPERACION
HGIMB003774,SERVICIOS DE SALUD IMSS BIENESTAR ,IMB,13,HIDALGO,76,15,XITEJE DE LA REFORMA,RURAL DE 01 NÚCLEO BÁSICO,XITHEJE DE REFORMA,PRIMER NIVEL,20.138778,-99.488427,EN OPERACION
HGIMB003786,SERVICIOS DE SALUD IMSS BIENESTAR ,IMB,13,HIDALGO,76,16,SAN ANDRES (SAN ANDRES TULTEPEC),RURAL DE 01 NÚCLEO BÁSICO,SAN ANDRÉS TULTEPEC,PRIMER NIVEL,20.053542,-99.378462,EN OPERACION
HGIMB003791,SERVICIOS DE SALUD IMSS BIENESTAR ,IMB,13,HIDALGO,76,23,SAN MIGUEL DE LAS PIEDRAS PRIMERA SECCION,RURAL DE 01 NÚCLEO BÁSICO,SAN MIGUEL DE LAS PIEDRAS PRIMERA SECCIÓN,PRIMER NIVEL,20.108518,-99.42148,EN OPERACION
HGIMB003803,SERVICIOS DE SALUD IMSS BIENESTAR ,IMB,13,HIDALGO,76,24,SAN MIGUEL VINDHO,URBANO DE 01 NÚCLEOS BÁSICOS,SAN MIGUEL VINDHO,PRIMER NIVEL,19.994189,-99.316374,EN OPERACION
HGIMB003815,SERVICIOS DE SALUD IMSS BIENESTAR ,IMB,13,HIDALGO,76,25,SAN PEDRITO ALPUYECA,RURAL DE 01 NÚCLEO BÁSICO,SAN PEDRITO ALPUYECA,PRIMER NIVEL,20.0436427,-99.3199341,EN OPERACION
HGIMB003820,SERVICIOS DE SALUD IMSS BIENESTAR ,IMB,13,HIDALGO,76,26,SANTA ANA AHUEHUEPAN,URBANO DE 01 NÚCLEOS BÁSICOS,SANTA ANA AHUEHUEPAN,PRIMER NIVEL,20.1210224,-99.3521076,EN OPERACION
HGIMB003832,SERVICIOS DE SALUD IMSS BIENESTAR ,IMB,13,HIDALGO,76,32,XOCHITLAN DE LAS FLORES,RURAL DE 01 NÚCLEO BÁSICO,XOCHITLAN DE LAS FLORES,PRIMER NIVEL,20.05412,-99.422404,EN OPERACION
HGIMB003844,SERVICIOS DE SALUD IMSS BIENESTAR ,IMB,13,HIDALGO,77,1,TULANCINGO,URBANO DE 12 NÚCLEOS BÁSICOS Y MÁS,TULANCINGO,PRIMER NIVEL,20.0923182,-98.3670238,EN OPERACION
HGIMB003856,SERVICIOS DE SALUD IMSS BIENESTAR ,IMB,13,HIDALGO,77,8,HUAJOMULCO,RURAL DE 01 NÚCLEO BÁSICO,HUAJOMULCO,PRIMER NIVEL,20.083628,-98.443971,EN OPERACION
HGIMB003861,SERVICIOS DE SALUD IMSS BIENESTAR ,IMB,13,HIDALGO,77,18,SANTA ANA HUEYTLALPAN,URBANO DE 03 NÚCLEOS BÁSICOS,SANTA ANA HUEYTLALPAN,PRIMER NIVEL,20.174665,-98.308407,EN OPERACION
HGIMB003873,SERVICIOS DE SALUD IMSS BIENESTAR ,IMB,13,HIDALGO,77,20,SANTA MARIA ASUNCION,URBANO DE 03 NÚCLEOS BÁSICOS,SANTA MARÍA ASUNCIÓN,PRIMER NIVEL,20.155176,-98.269514,EN OPERACION
HGIMB003885,SERVICIOS DE SALUD IMSS BIENESTAR ,IMB,13,HIDALGO,77,53,JAVIER ROJO GOMEZ,URBANO DE 03 NÚCLEOS BÁSICOS,JAVIER ROJO GÓMEZ,PRIMER NIVEL,20.07004,-98.415391,EN OPERACION
HGIMB003890,SERVICIOS DE SALUD IMSS BIENESTAR ,IMB,13,HIDALGO,77,1,TULANCINGO,URBANO DE 02 NÚCLEOS BÁSICOS,EJIDO EL PARAÍSO,PRIMER NIVEL,20.077689,-98.353168,EN OPERACION
HGIMB003902,SERVICIOS DE SALUD IMSS BIENESTAR ,IMB,13,HIDALGO,78,8,ATLALCO,RURAL DE 01 NÚCLEO BÁSICO,ATLALCO,PRIMER NIVEL,20.819058,-98.285028,EN OPERACION
HGIMB003914,SERVICIOS DE SALUD IMSS BIENESTAR ,IMB,13,HIDALGO,78,13,CHIAPA,RURAL DE 01 NÚCLEO BÁSICO,CHIAPA,PRIMER NIVEL,20.881705,-98.309057,EN OPERACION
HGIMB003926,SERVICIOS DE SALUD IMSS BIENESTAR ,IMB,13,HIDALGO,78,14,IXTACZOQUICO,RURAL DE 01 NÚCLEO BÁSICO,IXTACZOQUICO,PRIMER NIVEL,20.907754,-98.264099,EN OPERACION
HGIMB003931,SERVICIOS DE SALUD IMSS BIENESTAR ,IMB,13,HIDALGO,78,17,OHUATIPA,RURAL DE 02 NÚCLEOS BÁSICOS,OHUATIPA,PRIMER NIVEL,20.894463,-98.271866,EN OPERACION
HGIMB003943,SERVICIOS DE SALUD IMSS BIENESTAR ,IMB,13,HIDALGO,78,18,PACHIQUITLA,RURAL DE 01 NÚCLEO BÁSICO,PACHIQUITLA,PRIMER NIVEL,20.847926,-98.335469,EN OPERACION
HGIMB003955,SERVICIOS DE SALUD IMSS BIENESTAR ,IMB,13,HIDALGO,79,1,XOCHICOATLAN,URBANO DE 01 NÚCLEOS BÁSICOS,XOCHICOATLAN,PRIMER NIVEL,20.776346,-98.682139,EN OPERACION
HGIMB003960,SERVICIOS DE SALUD IMSS BIENESTAR ,IMB,13,HIDALGO,79,21,TLAXCOYA,RURAL DE 01 NÚCLEO BÁSICO,TLAXCOYA,PRIMER NIVEL,20.777394,-98.614453,EN OPERACION
HGIMB003972,SERVICIOS DE SALUD IMSS BIENESTAR ,IMB,13,HIDALGO,80,1,YAHUALICA,URBANO DE 03 NÚCLEOS BÁSICOS,YAHUALICA,PRIMER NIVEL,20.950232,-98.381831,EN OPERACION
HGIMB003984,SERVICIOS DE SALUD IMSS BIENESTAR ,IMB,13,HIDALGO,80,3,EL ARENAL,RURAL DE 01 NÚCLEO BÁSICO,EL ARENAL,PRIMER NIVEL,20.910883,-98.388754,EN OPERACION
HGIMB003996,SERVICIOS DE SALUD IMSS BIENESTAR ,IMB,13,HIDALGO,80,5,ATLALCO,RURAL DE 01 NÚCLEO BÁSICO,ATLALCO,PRIMER NIVEL,20.914144,-98.330771,EN OPERACION
HGIMB004001,SERVICIOS DE SALUD IMSS BIENESTAR ,IMB,13,HIDALGO,80,14,OXELOCO,RURAL DE 01 NÚCLEO BÁSICO,OXELOCO,PRIMER NIVEL,20.916671,-98.326357,EN OPERACION
HGIMB004013,SERVICIOS DE SALUD IMSS BIENESTAR ,IMB,13,HIDALGO,80,22,TETLA,RURAL DE 01 NÚCLEO BÁSICO,TETLA,PRIMER NIVEL,20.919527,-98.360992,EN OPERACION
HGIMB004025,SERVICIOS DE SALUD IMSS BIENESTAR ,IMB,13,HIDALGO,80,23,TLALCHIYAHUALICA,RURAL DE 01 NÚCLEO BÁSICO,TLALCHIYAHUALICA,PRIMER NIVEL,20.969851,-98.402009,EN OPERACION
HGIMB004030,SERVICIOS DE SALUD IMSS BIENESTAR ,IMB,13,HIDALGO,80,24,XOCHITL,RURAL DE 01 NÚCLEO BÁSICO,XOCHITL,PRIMER NIVEL,20.898933,-98.356205,EN OPERACION
HGIMB004042,SERVICIOS DE SALUD IMSS BIENESTAR ,IMB,13,HIDALGO,81,1,ZACUALTIPAN,URBANO DE 03 NÚCLEOS BÁSICOS,ZACUALTIPAN,PRIMER NIVEL,20.646779,-98.655566,EN OPERACION
HGIMB004054,SERVICIOS DE SALUD IMSS BIENESTAR ,IMB,13,HIDALGO,81,4,COATLILA,RURAL DE 01 NÚCLEO BÁSICO,COATLILA,PRIMER NIVEL,20.680004,-98.59156,EN OPERACION
HGIMB004066,SERVICIOS DE SALUD IMSS BIENESTAR ,IMB,13,HIDALGO,81,8,JALAPA,RURAL DE 01 NÚCLEO BÁSICO,JALAPA,PRIMER NIVEL,20.671967,-98.517373,EN OPERACION
HGIMB004071,SERVICIOS DE SALUD IMSS BIENESTAR ,IMB,13,HIDALGO,82,2,ACAYUCA,URBANO DE 03 NÚCLEOS BÁSICOS,ACAYUCA,PRIMER NIVEL,20.02003,-98.83403,EN OPERACION
HGIMB004083,SERVICIOS DE SALUD IMSS BIENESTAR ,IMB,13,HIDALGO,83,1,ZEMPOALA,URBANO DE 03 NÚCLEOS BÁSICOS,ZEMPOALA,PRIMER NIVEL,19.917474,-98.677835,EN OPERACION
HGIMB004095,SERVICIOS DE SALUD IMSS BIENESTAR ,IMB,13,HIDALGO,83,17,SAN GABRIEL AZTECA,RURAL DE 01 NÚCLEO BÁSICO,SAN GABRIEL AZTECA,PRIMER NIVEL,19.880174,-98.61535,EN OPERACION
HGIMB004100,SERVICIOS DE SALUD IMSS BIENESTAR ,IMB,13,HIDALGO,83,21,SANTO TOMAS,RURAL DE 01 NÚCLEO BÁSICO,SANTO TOMÁS,PRIMER NIVEL,19.906254,-98.56766,EN OPERACION
HGIMB004112,SERVICIOS DE SALUD IMSS BIENESTAR ,IMB,13,HIDALGO,84,1,ZIMAPAN,CENTRO DE SALUD CON HOSPITALIZACIÓN,ZIMAPAN,PRIMER NIVEL,20.734257,-99.381032,EN OPERACION
HGIMB004124,SERVICIOS DE SALUD IMSS BIENESTAR ,IMB,13,HIDALGO,84,4,AGUAS BLANCAS,RURAL DE 01 NÚCLEO BÁSICO,AGUAS BLANCAS,PRIMER NIVEL,20.659301,-99.416294,EN OPERACION
HGIMB004136,SERVICIOS DE SALUD IMSS BIENESTAR ,IMB,13,HIDALGO,84,12,EL CERROTE,RURAL DE 01 NÚCLEO BÁSICO,EL CERROTE,PRIMER NIVEL,20.657793,-99.284153,EN OPERACION
HGIMB004141,SERVICIOS DE SALUD IMSS BIENESTAR ,IMB,13,HIDALGO,84,22,ENCARNACION,RURAL DE 01 NÚCLEO BÁSICO,LA ENCARNACIÓN,PRIMER NIVEL,20.878194,-99.20896,EN OPERACION
HGIMB004153,SERVICIOS DE SALUD IMSS BIENESTAR ,IMB,13,HIDALGO,84,24,FRANCISCO I. MADERO (GUADALUPE),RURAL DE 01 NÚCLEO BÁSICO,FRANCISCO I MADERO GUADALUPE,PRIMER NIVEL,20.728386,-99.314697,EN OPERACION
HGIMB004165,SERVICIOS DE SALUD IMSS BIENESTAR ,IMB,13,HIDALGO,84,27,LAZARO CARDENAS (REMEDIOS),RURAL DE 01 NÚCLEO BÁSICO,LÁZARO CÁRDENAS REMEDIOS,PRIMER NIVEL,20.70225,-99.343844,EN OPERACION
HGIMB004170,SERVICIOS DE SALUD IMSS BIENESTAR ,IMB,13,HIDALGO,84,42,PUERTO JUAREZ,RURAL DE 01 NÚCLEO BÁSICO,PUERTO JUÁREZ,PRIMER NIVEL,20.646805,-99.28551,EN OPERACION
HGIMB004182,SERVICIOS DE SALUD IMSS BIENESTAR ,IMB,13,HIDALGO,3,1,ACTOPAN,URBANO DE 01 NÚCLEOS BÁSICOS,CAÑADA CHICA AVIACION,PRIMER NIVEL,20.2831239,-98.9534943,EN OPERACION
HGIMB004194,SERVICIOS DE SALUD IMSS BIENESTAR ,IMB,13,HIDALGO,10,1,ATITALAQUIA,URBANO DE 01 NÚCLEOS BÁSICOS,COL. DENDHO,PRIMER NIVEL,20.06805,-99.236325,EN OPERACION
HGIMB004206,SERVICIOS DE SALUD IMSS BIENESTAR ,IMB,13,HIDALGO,10,2,CARDONAL,URBANO DE 01 NÚCLEOS BÁSICOS,TABLON,PRIMER NIVEL,20.047948,-99.213407,EN OPERACION
HGIMB004211,SERVICIOS DE SALUD IMSS BIENESTAR ,IMB,13,HIDALGO,11,19,ITZOCAL,RURAL DE 01 NÚCLEO BÁSICO,ITZOACAL,PRIMER NIVEL,21.015883,-98.395643,EN OPERACION
HGIMB004223,SERVICIOS DE SALUD IMSS BIENESTAR ,IMB,13,HIDALGO,16,1,CUAUTEPEC,URBANO DE 02 NÚCLEOS BÁSICOS,TEPANTITLA,PRIMER NIVEL,20.053388,-98.335719,EN OPERACION
HGIMB004235,SERVICIOS DE SALUD IMSS BIENESTAR ,IMB,13,HIDALGO,17,22,ZIMAPANTONGO,RURAL DE 01 NÚCLEO BÁSICO,ZIMAPANTONGO,PRIMER NIVEL,20.239018,-99.456166,EN OPERACION
HGIMB004240,SERVICIOS DE SALUD IMSS BIENESTAR ,IMB,13,HIDALGO,19,2,EL BETHI,RURAL DE 01 NÚCLEO BÁSICO,BETHÍ,PRIMER NIVEL,20.393888,-99.22386,EN OPERACION
HGIMB004252,SERVICIOS DE SALUD IMSS BIENESTAR ,IMB,13,HIDALGO,28,78,RANCHO VIEJO,RURAL DE 01 NÚCLEO BÁSICO,RANCHO VIEJO,PRIMER NIVEL,21.162466,-98.318461,EN OPERACION
HGIMB004264,SERVICIOS DE SALUD IMSS BIENESTAR ,IMB,13,HIDALGO,48,244,SANTA MATILDE [COLONIA],RURAL DE 03 NÚCLEOS BÁSICOS Y MÁS,SANTA MARÍA MATILDE,PRIMER NIVEL,20.032776,-98.807545,EN OPERACION
HGIMB004276,SERVICIOS DE SALUD IMSS BIENESTAR ,IMB,13,HIDALGO,51,1,PACHUQUILLA,URBANO DE 01 NÚCLEOS BÁSICOS,DOS CARLOS PUEBLO NUEVO,PRIMER NIVEL,20.114862,-98.703701,EN OPERACION
HGIMB004281,SERVICIOS DE SALUD IMSS BIENESTAR ,IMB,13,HIDALGO,51,107,MANUEL AVILA CAMACHO,RURAL DE 03 NÚCLEOS BÁSICOS Y MÁS,COL. ÁVILA CAMACHO,PRIMER NIVEL,20.11091,-98.71082,EN OPERACION
HGIMB004293,SERVICIOS DE SALUD IMSS BIENESTAR ,IMB,13,HIDALGO,51,14,EL SAUCILLO,RURAL DE 02 NÚCLEOS BÁSICOS,EL SAUCILLO,PRIMER NIVEL,20.0764,-98.73724,EN OPERACION
HGIMB004305,SERVICIOS DE SALUD IMSS BIENESTAR ,IMB,13,HIDALGO,54,17,POXINDEJE DE MORELOS,RURAL DE 01 NÚCLEO BÁSICO,POXINDEJE DE MORELOS,PRIMER NIVEL,20.2722741,-98.9958094,EN OPERACION
HGIMB004310,SERVICIOS DE SALUD IMSS BIENESTAR ,IMB,13,HIDALGO,58,3,BONDHI,RURAL DE 01 NÚCLEO BÁSICO,BONDHI,PRIMER NIVEL,20.538569,-99.329012,EN OPERACION
HGIMB004322,SERVICIOS DE SALUD IMSS BIENESTAR ,IMB,13,HIDALGO,67,1,TEZONTEPEC DE ALDAMA,URBANO DE 02 NÚCLEOS BÁSICOS,HUITEL,PRIMER NIVEL,20.166245,-99.272415,EN OPERACION
HGIMB004334,SERVICIOS DE SALUD IMSS BIENESTAR ,IMB,13,HIDALGO,67,9,PRESAS,RURAL DE 02 NÚCLEOS BÁSICOS,PRESAS,PRIMER NIVEL,20.160485,-99.252406,EN OPERACION
HGIMB004346,SERVICIOS DE SALUD IMSS BIENESTAR ,IMB,13,HIDALGO,67,6,MANGAS,URBANO DE 01 NÚCLEOS BÁSICOS,MANGAS,PRIMER NIVEL,20.187109,-99.248827,EN OPERACION
HGIMB004351,SERVICIOS DE SALUD IMSS BIENESTAR ,IMB,13,HIDALGO,67,4,SANTA MARIA BATHA,RURAL DE 01 NÚCLEO BÁSICO,SAN GABRIEL,PRIMER NIVEL,20.216918,-99.255008,EN OPERACION
HGIMB004363,SERVICIOS DE SALUD IMSS BIENESTAR ,IMB,13,HIDALGO,76,19,SAN FRANCISCO BOJAY COLONIA,URBANO DE 01 NÚCLEOS BÁSICOS,SAN FRANCISCO BOJAY,PRIMER NIVEL,20.093992,-99.345436,EN OPERACION
HGIMB004375,SERVICIOS DE SALUD IMSS BIENESTAR ,IMB,13,HIDALGO,76,22,SAN MARCOS,URBANO DE 01 NÚCLEOS BÁSICOS,SAN MARCOS,PRIMER NIVEL,20.018337,-99.341871,EN OPERACION
HGIMB004380,SERVICIOS DE SALUD IMSS BIENESTAR ,IMB,13,HIDALGO,76,1,TULA DE ALLENDE,URBANO DE 01 NÚCLEOS BÁSICOS,COLONIA ITURBE,PRIMER NIVEL,20.075491,-99.319626,EN OPERACION
HGIMB004392,SERVICIOS DE SALUD IMSS BIENESTAR ,IMB,13,HIDALGO,76,22,SAN MARCOS,RURAL DE 01 NÚCLEO BÁSICO,COLONIA EL MONTECILLO,PRIMER NIVEL,20.037211,-99.330253,EN OPERACION
HGIMB004404,SERVICIOS DE SALUD IMSS BIENESTAR ,IMB,13,HIDALGO,77,1,TULANCINGO,URBANO DE 04 NÚCLEOS BÁSICOS,NICOLÁS BRAVO,PRIMER NIVEL,20.078365,-98.356636,EN OPERACION
HGIMB004416,SERVICIOS DE SALUD IMSS BIENESTAR ,IMB,13,HIDALGO,82,3,SAN PEDRO HUAQUILPAN,URBANO DE 02 NÚCLEOS BÁSICOS,SAN PEDRO HUAQUILPAN,PRIMER NIVEL,19.989995,-98.869133,EN OPERACION
HGIMB004421,SERVICIOS DE SALUD IMSS BIENESTAR ,IMB,13,HIDALGO,5,3,VICENTE GUERRERO,URBANO DE 01 NÚCLEOS BÁSICOS,VICENTE GUERRERO,PRIMER NIVEL,20.170615,-99.056538,EN OPERACION
HGIMB004433,SERVICIOS DE SALUD IMSS BIENESTAR ,IMB,13,HIDALGO,9,5,EL JIADI,RURAL DE 01 NÚCLEO BÁSICO,EL JIADI,PRIMER NIVEL,20.2492473,-98.9286156,EN OPERACION
HGIMB004445,SERVICIOS DE SALUD IMSS BIENESTAR ,IMB,13,HIDALGO,30,32,EL NITH,RURAL DE 02 NÚCLEOS BÁSICOS,EL NITH,PRIMER NIVEL,20.489153,-99.191838,EN OPERACION
HGIMB004450,SERVICIOS DE SALUD IMSS BIENESTAR ,IMB,13,HIDALGO,67,11,SAN JUAN ACHICHILCO,URBANO DE 01 NÚCLEOS BÁSICOS,ACHICHILCO,PRIMER NIVEL,20.180166,-99.311681,EN OPERACION
HGIMB004462,SERVICIOS DE SALUD IMSS BIENESTAR ,IMB,13,HIDALGO,76,24,SAN MIGUEL VINDHO,URBANO DE 01 NÚCLEOS BÁSICOS,PUEBLO NUEVO JASSO,PRIMER NIVEL,19.984461,-99.322246,EN OPERACION
HGIMB004474,SERVICIOS DE SALUD IMSS BIENESTAR ,IMB,13,HIDALGO,48,1,PACHUCA DE SOTO,URBANO DE 01 NÚCLEOS BÁSICOS,GUADALUPE,PRIMER NIVEL,20.121925,-98.7165268,EN OPERACION
HGIMB004486,SERVICIOS DE SALUD IMSS BIENESTAR ,IMB,13,HIDALGO,70,14,CERRO DE LA CRUZ [COLONIA],RURAL DE 01 NÚCLEO BÁSICO,COLONIA CERRO DE LA CRUZ,PRIMER NIVEL,20.144831,-99.224011,EN OPERACION
HGIMB004491,SERVICIOS DE SALUD IMSS BIENESTAR ,IMB,13,HIDALGO,67,21,LA CRUZ,RURAL DE 01 NÚCLEO BÁSICO,LA CRUZ,PRIMER NIVEL,20.175316,-99.240822,EN OPERACION
HGIMB004503,SERVICIOS DE SALUD IMSS BIENESTAR ,IMB,13,HIDALGO,30,46,EL TABLON,RURAL DE 01 NÚCLEO BÁSICO,EL TABLON,PRIMER NIVEL,20.418867,-99.188163,EN OPERACION
HGIMB004515,SERVICIOS DE SALUD IMSS BIENESTAR ,IMB,13,HIDALGO,30,9,CERRITOS,RURAL DE 01 NÚCLEO BÁSICO,CERRITOS,PRIMER NIVEL,20.534566,-99.183115,EN OPERACION
HGIMB004520,SERVICIOS DE SALUD IMSS BIENESTAR ,IMB,13,HIDALGO,41,1,MIXQUIAHUALA DE JUAREZ,URBANO DE 04 NÚCLEOS BÁSICOS,MIXQUIAHUALA,PRIMER NIVEL,20.2238428,-99.2138187,EN OPERACION
HGIMB004532,SERVICIOS DE SALUD IMSS BIENESTAR ,IMB,13,HIDALGO,42,1,MOLANGO DE ESCAMILLA,URBANO DE 04 NÚCLEOS BÁSICOS,UNIDAD MÉDICA DE MOLANGO,PRIMER NIVEL,20.792512,-98.734389,EN OPERACION
HGIMB004544,SERVICIOS DE SALUD IMSS BIENESTAR ,IMB,13,HIDALGO,71,13,CHICHICAXTLA,RURAL DE 01 NÚCLEO BÁSICO,CHICHICAXTLA,PRIMER NIVEL,20.792877,-99.059908,EN OPERACION
HGIMB004556,SERVICIOS DE SALUD IMSS BIENESTAR ,IMB,13,HIDALGO,28,1,HUEJUTLA DE REYES,URBANO DE 08 NÚCLEOS BÁSICOS,HUEJUTLA,PRIMER NIVEL,21.137374,-98.422673,EN OPERACION
HGIMB004561,SERVICIOS DE SALUD IMSS BIENESTAR ,IMB,13,HIDALGO,84,27,LAZARO CARDENAS (REMEDIOS),HOSPITAL INTEGRAL (COMUNITARIO),HOSPITAL ZIMAPÁN,SEGUNDO NIVEL,20.69099,-99.33337,EN OPERACION
HGIMB004573,SERVICIOS DE SALUD IMSS BIENESTAR ,IMB,13,HIDALGO,48,1,PACHUCA DE SOTO,HOSPITAL ESPECIALIZADO,HOSPITAL MATERNO INFANTIL,SEGUNDO NIVEL,20.117775,-98.729856,EN OPERACION
HGIMB004585,SERVICIOS DE SALUD IMSS BIENESTAR ,IMB,13,HIDALGO,51,6,SANTA MARIA LA CALERA,RURAL DE 03 NÚCLEOS BÁSICOS Y MÁS,SANTA MARÍA LA CALERA,PRIMER NIVEL,20.03149,-98.7151,EN OPERACION
HGIMB004590,SERVICIOS DE SALUD IMSS BIENESTAR ,IMB,13,HIDALGO,12,33,SANTA MARIA AMAJAC,RURAL DE 01 NÚCLEO BÁSICO,SANTA MARÍA AMAJAC,PRIMER NIVEL,20.327896,-98.739604,EN OPERACION
HGIMB004602,SERVICIOS DE SALUD IMSS BIENESTAR ,IMB,13,HIDALGO,75,2,GENERAL FELIPE ANGELES (LOS ANGELES),URBANO DE 01 NÚCLEOS BÁSICOS,GENERAL FELIPE ANGELES LOS ANGELES,PRIMER NIVEL,19.896581,-98.926454,EN OPERACION
HGIMB004614,SERVICIOS DE SALUD IMSS BIENESTAR ,IMB,13,HIDALGO,54,40,XUCHITLAN,RURAL DE 02 NÚCLEOS BÁSICOS,XUCHITLAN,PRIMER NIVEL,20.3936259,-99.146691,EN OPERACION
HGIMB004626,SERVICIOS DE SALUD IMSS BIENESTAR ,IMB,13,HIDALGO,5,6,SAN NICOLAS TECOMATLAN,URBANO DE 01 NÚCLEOS BÁSICOS,SAN NICOLÁS TECOMATLÁN,PRIMER NIVEL,20.17977,-99.03845,EN OPERACION
HGIMB004631,SERVICIOS DE SALUD IMSS BIENESTAR ,IMB,13,HIDALGO,39,1,MINERAL DEL MONTE,URBANO DE 03 NÚCLEOS BÁSICOS,MINERAL DEL MONTE,PRIMER NIVEL,20.133813,-98.679626,EN OPERACION
HGIMB004643,SERVICIOS DE SALUD IMSS BIENESTAR ,IMB,13,HIDALGO,83,23,JAGÜEY DE TELLEZ (ESTACION TELLEZ),URBANO DE 02 NÚCLEOS BÁSICOS,JAGÜEY DE TELLEZ (ESTACIÓN TELLEZ),PRIMER NIVEL,19.97997,-98.79032,EN OPERACION
HGIMB004655,SERVICIOS DE SALUD IMSS BIENESTAR ,IMB,13,HIDALGO,59,7,BOMANXOTHA,RURAL DE 01 NÚCLEO BÁSICO,BOMANXOTHA,PRIMER NIVEL,20.514544,-99.665687,EN OPERACION
HGIMB004660,SERVICIOS DE SALUD IMSS BIENESTAR ,IMB,13,HIDALGO,40,50,PUERTO DE NARANJOS,RURAL DE 01 NÚCLEO BÁSICO,PUERTO DE NARANJOS,PRIMER NIVEL,21.125688,-99.089352,EN OPERACION
HGIMB004672,SERVICIOS DE SALUD IMSS BIENESTAR ,IMB,13,HIDALGO,48,153,EL HUIXMI,URBANO DE 02 NÚCLEOS BÁSICOS,HUIXMÍ,PRIMER NIVEL,20.0785997,-98.8209759,EN OPERACION
HGIMB004684,SERVICIOS DE SALUD IMSS BIENESTAR ,IMB,13,HIDALGO,10,2,CARDONAL,URBANO DE 02 NÚCLEOS BÁSICOS,CARDONAL,PRIMER NIVEL,20.052012,-99.228097,EN OPERACION
HGIMB004696,SERVICIOS DE SALUD IMSS BIENESTAR ,IMB,13,HIDALGO,10,6,TEZOQUIPA,URBANO DE 01 NÚCLEOS BÁSICOS,TEZOQUIPA,PRIMER NIVEL,20.056912,-99.20145,EN OPERACION
HGIMB004701,SERVICIOS DE SALUD IMSS BIENESTAR ,IMB,13,HIDALGO,5,1,AJACUBA,URBANO DE 03 NÚCLEOS BÁSICOS,AJACUBA,PRIMER NIVEL,20.109228,-99.119027,EN OPERACION
HGIMB004713,SERVICIOS DE SALUD IMSS BIENESTAR ,IMB,13,HIDALGO,11,8,ATOTOMOC,RURAL DE 01 NÚCLEO BÁSICO,ATOTOMOC,PRIMER NIVEL,21.02465,-98.408912,EN OPERACION
HGIMB004725,SERVICIOS DE SALUD IMSS BIENESTAR ,IMB,13,HIDALGO,28,1,HUEJUTLA DE REYES,URBANO DE 02 NÚCLEOS BÁSICOS,PARQUE DE POBLAMIENTO,PRIMER NIVEL,21.1525575,-98.3856615,EN OPERACION
HGIMB004730,SERVICIOS DE SALUD IMSS BIENESTAR ,IMB,13,HIDALGO,26,16,IXTLAHUAC,RURAL DE 01 NÚCLEO BÁSICO,IXTLAHUAC,PRIMER NIVEL,20.959025,-98.490748,EN OPERACION
HGIMB004742,SERVICIOS DE SALUD IMSS BIENESTAR ,IMB,13,HIDALGO,53,126,COLONIA INDUSTRIAL,URBANO DE 02 NÚCLEOS BÁSICOS,SAN BARTOLO TUTOTEPEC,PRIMER NIVEL,20.40739,-98.196437,EN OPERACION
HGIMB004754,SERVICIOS DE SALUD IMSS BIENESTAR ,IMB,13,HIDALGO,61,1,TEPEAPULCO,URBANO DE 03 NÚCLEOS BÁSICOS,TEPEAPULCO,PRIMER NIVEL,19.793006,-98.558017,EN OPERACION
HGIMB004766,SERVICIOS DE SALUD IMSS BIENESTAR ,IMB,13,HIDALGO,8,1,APAN,URBANO DE 07 NÚCLEOS BÁSICOS,APAN,PRIMER NIVEL,19.713017,-98.464375,EN OPERACION
HGIMB004771,SERVICIOS DE SALUD IMSS BIENESTAR ,IMB,13,HIDALGO,12,1,ATOTONILCO EL GRANDE,URBANO DE 03 NÚCLEOS BÁSICOS,LEOPOLDO SANTILLAN,PRIMER NIVEL,20.304652,-98.683038,EN OPERACION
HGIMB004783,SERVICIOS DE SALUD IMSS BIENESTAR ,IMB,13,HIDALGO,48,1,PACHUCA DE SOTO,URBANO DE 03 NÚCLEOS BÁSICOS,LUZ DEL CARMEN,PRIMER NIVEL,20.1324948,-98.7738758,EN OPERACION
HGIMB004795,SERVICIOS DE SALUD IMSS BIENESTAR ,IMB,13,HIDALGO,73,1,TLANCHINOL,HOSPITAL INTEGRAL (COMUNITARIO),HOSPITAL INTEGRAL DE TLANCHINOL,SEGUNDO NIVEL,20.998835,-98.653302,EN OPERACION
HGIMB004800,SERVICIOS DE SALUD IMSS BIENESTAR ,IMB,13,HIDALGO,8,1,APAN,HOSPITAL GENERAL,HOSPITAL GENERAL DE APAN,SEGUNDO NIVEL,19.713632,-98.465096,EN OPERACION
HGIMB004812,SERVICIOS DE SALUD IMSS BIENESTAR ,IMB,13,HIDALGO,28,1,HUEJUTLA DE REYES,HOSPITAL GENERAL,HOSPITAL GENERAL DE LA HUASTECA,SEGUNDO NIVEL,21.1046,-98.4237,EN OPERACION
HGIMB004824,SERVICIOS DE SALUD IMSS BIENESTAR ,IMB,13,HIDALGO,76,1,TULA DE ALLENDE,HOSPITAL GENERAL,HOSPITAL GENERAL TULA,SEGUNDO NIVEL,20.040681,-99.342061,EN OPERACION
HGIMB004836,SERVICIOS DE SALUD IMSS BIENESTAR ,IMB,13,HIDALGO,33,3,SAN NICOLAS COATZONTLA,RURAL DE 01 NÚCLEO BÁSICO,SAN NICOLÁS COATZONTLA,PRIMER NIVEL,20.866484,-98.850782,EN OPERACION
HGIMB004841,SERVICIOS DE SALUD IMSS BIENESTAR ,IMB,13,HIDALGO,27,59,LINDA VISTA I (MIRASOL),HOSPITAL INTEGRAL (COMUNITARIO),HOSPITAL BÁSICO COMUNITARIO HUEHUETLA,SEGUNDO NIVEL,20.461626,-98.068826,EN OPERACION
HGIMB004853,SERVICIOS DE SALUD IMSS BIENESTAR ,IMB,13,HIDALGO,36,1,SAN AGUSTIN METZQUITITLAN,URBANO DE 03 NÚCLEOS BÁSICOS,SAN AGUSTÍN METZQUITITLAN,PRIMER NIVEL,20.533503,-98.637861,EN OPERACION
HGIMB004865,SERVICIOS DE SALUD IMSS BIENESTAR ,IMB,13,HIDALGO,8,9,LA LAGUNA,RURAL DE 01 NÚCLEO BÁSICO,LA LAGUNA,PRIMER NIVEL,19.733709,-98.499377,EN OPERACION
HGIMB004870,SERVICIOS DE SALUD IMSS BIENESTAR ,IMB,13,HIDALGO,6,1,ALFAJAYUCAN,URBANO DE 03 NÚCLEOS BÁSICOS,ALFAJAYUCAN,PRIMER NIVEL,20.417525,-99.349279,EN OPERACION
HGIMB004882,SERVICIOS DE SALUD IMSS BIENESTAR ,IMB,13,HIDALGO,10,1,ATITALAQUIA,URBANO DE 01 NÚCLEOS BÁSICOS,BARRIO DENDHO,PRIMER NIVEL,20.059518,-99.230169,EN OPERACION
HGIMB004894,SERVICIOS DE SALUD IMSS BIENESTAR ,IMB,13,HIDALGO,59,13,LA ESQUINA,RURAL DE 01 NÚCLEO BÁSICO,LA ESQUINA,PRIMER NIVEL,20.545366,-99.708438,EN OPERACION
HGIMB004906,SERVICIOS DE SALUD IMSS BIENESTAR ,IMB,13,HIDALGO,82,1,ZAPOTLAN DE JUAREZ,URBANO DE 02 NÚCLEOS BÁSICOS,ZAPOTLAN DE JUÁREZ,PRIMER NIVEL,19.97707,-98.863958,EN OPERACION
HGIMB004911,SERVICIOS DE SALUD IMSS BIENESTAR ,IMB,13,HIDALGO,73,34,SAN JOSE,RURAL DE 01 NÚCLEO BÁSICO,SAN JOSÉ,PRIMER NIVEL,21.068958,-98.594125,EN OPERACION
HGIMB004923,SERVICIOS DE SALUD IMSS BIENESTAR ,IMB,13,HIDALGO,62,107,SAN ANDRES,RURAL DE 01 NÚCLEO BÁSICO,SAN ANDRÉS,PRIMER NIVEL,21.088864,-98.889706,EN OPERACION
HGIMB004935,SERVICIOS DE SALUD IMSS BIENESTAR ,IMB,13,HIDALGO,62,9,CAHUAZAZ DE MORELOS (RANCHO ALEGRE),RURAL DE 01 NÚCLEO BÁSICO,CAHUAZAZ DE MORELOS,PRIMER NIVEL,21.151543,-98.839522,EN OPERACION
HGIMB004940,SERVICIOS DE SALUD IMSS BIENESTAR ,IMB,13,HIDALGO,62,24,TENANGO,RURAL DE 01 NÚCLEO BÁSICO,TENANGO,PRIMER NIVEL,21.058157,-98.92909,EN OPERACION
HGIMB004952,SERVICIOS DE SALUD IMSS BIENESTAR ,IMB,13,HIDALGO,37,1,METZTITLAN,HOSPITAL GENERAL,HOSPITAL IMSS BIENESTAR METZTITLÁN,SEGUNDO NIVEL,20.5901538,-98.7589014,EN OPERACION
HGIMB004964,SERVICIOS DE SALUD IMSS BIENESTAR ,IMB,13,HIDALGO,27,3,SAN LORENZO ACHIOTEPEC,RURAL DE 03 NÚCLEOS BÁSICOS Y MÁS,CS SAN LORENZO ACHIOTEPEC,PRIMER NIVEL,20.594,-98.068209,EN OPERACION
HGIMB004976,SERVICIOS DE SALUD IMSS BIENESTAR ,IMB,13,HIDALGO,38,24,BENITO JUAREZ,RURAL DE 01 NÚCLEO BÁSICO,BENITO JUÁREZ,PRIMER NIVEL,20.16006,-98.82576,EN OPERACION
HGIMB004981,SERVICIOS DE SALUD IMSS BIENESTAR ,IMB,13,HIDALGO,63,48,LA ESTANCIA 1RA. SECCION SANTA MARIA MAGDALENA,RURAL DE 01 NÚCLEO BÁSICO,SANTA MARÍA MAGDALENA,PRIMER NIVEL,19.970856,-99.371886,EN OPERACION
HGIMB004993,SERVICIOS DE SALUD IMSS BIENESTAR ,IMB,13,HIDALGO,51,3,AZOYATLA DE OCAMPO,RURAL DE 02 NÚCLEOS BÁSICOS,AZOYATLA,PRIMER NIVEL,20.097449,-98.696649,EN OPERACION
HGIMB005005,SERVICIOS DE SALUD IMSS BIENESTAR ,IMB,13,HIDALGO,56,16,PAXTEPEC,HOSPITAL GENERAL,HOSPITAL GENERAL DE TULANCINGO,SEGUNDO NIVEL,20.062166,-98.440731,EN OPERACION
HGIMB005010,SERVICIOS DE SALUD IMSS BIENESTAR ,IMB,13,HIDALGO,7,1,ALMOLOYA,URBANO DE 03 NÚCLEOS BÁSICOS,ALMOLOYA,PRIMER NIVEL,19.700398,-98.402153,EN OPERACION
HGIMB005022,SERVICIOS DE SALUD IMSS BIENESTAR ,IMB,13,HIDALGO,48,1,PACHUCA DE SOTO,UNIDAD MÓVIL,UNIDAD MÓVIL DENTAL PACHUCA,PRIMER NIVEL,20.12403,-98.74164,EN OPERACION
HGIMB005034,SERVICIOS DE SALUD IMSS BIENESTAR ,IMB,13,HIDALGO,75,10,SAN MIGUEL EYACALCO,HOSPITAL PSIQUIÁTRICO,VILLA OCARANZA,SEGUNDO NIVEL,19.901111,-98.909167,EN OPERACION
HGIMB005046,SERVICIOS DE SALUD IMSS BIENESTAR ,IMB,13,HIDALGO,81,1,ZACUALTIPAN,UNIDAD MÓVIL,CARAVANA 3 ZACUALTIPÁN,PRIMER NIVEL,20.646745,-98.6555611,EN OPERACION
HGIMB005051,SERVICIOS DE SALUD IMSS BIENESTAR ,IMB,13,HIDALGO,68,1,TIANGUISTENGO,UNIDAD MÓVIL,CARAVANA 5 TIANGUISTENGO,NO APLICA,20.727182,-98.634359,EN OPERACION
HGIMB005063,SERVICIOS DE SALUD IMSS BIENESTAR ,IMB,13,HIDALGO,69,1,TIZAYUCA,UNIDAD DE ESPECIALIDADES MÉDICAS (UNEMES),CENTRO REGIONAL DE DESARROLLO INFANTIL Y ESTIMULACIÓN TEMPRANA TIZAYUCA,PRIMER NIVEL,19.841503,-98.982428,EN OPERACION
HGIMB005075,SERVICIOS DE SALUD IMSS BIENESTAR ,IMB,13,HIDALGO,53,1,SAN BARTOLO TUTOTEPEC,UNIDAD DE ESPECIALIDADES MÉDICAS (UNEMES),CENTRO REGIONAL DE DESARROLLO INFANTIL Y ESTIMULACIÓN TEMPRANA SAN BARTOLO TUTOTEPEC,PRIMER NIVEL,20.396309,-98.203733,EN OPERACION
HGIMB005080,SERVICIOS DE SALUD IMSS BIENESTAR ,IMB,13,HIDALGO,48,1,PACHUCA DE SOTO,UNIDAD DE ESPECIALIDADES MÉDICAS (UNEMES),UNIDAD MÉDICA ASISTENCIAL PARA PACIENTES DE GRUPOS VULNERABLES,PRIMER NIVEL,20.1188693,-98.7279083,EN OPERACION
HGIMB005092,SERVICIOS DE SALUD IMSS BIENESTAR ,IMB,13,HIDALGO,28,1,HUEJUTLA DE REYES,UNIDAD MÓVIL,CARAVANA HUEJUTLA,NO APLICA,21.096741,-98.498868,EN OPERACION
HGIMB005104,SERVICIOS DE SALUD IMSS BIENESTAR ,IMB,13,HIDALGO,28,1,HUEJUTLA DE REYES,UNIDAD MÓVIL,CARAVANA IXCATEPEC,NO APLICA,21.100964,-98.520122,EN OPERACION
HGIMB005116,SERVICIOS DE SALUD IMSS BIENESTAR ,IMB,13,HIDALGO,28,1,HUEJUTLA DE REYES,UNIDAD MÓVIL,CARAVANA TEHUETLAN 1,NO APLICA,21.0552173,-98.5068739,EN OPERACION
HGIMB005121,SERVICIOS DE SALUD IMSS BIENESTAR ,IMB,13,HIDALGO,28,1,HUEJUTLA DE REYES,UNIDAD MÓVIL,CARAVANA IXTLAHUAC,NO APLICA,21.137219,-98.422706,EN OPERACION
HGIMB005133,SERVICIOS DE SALUD IMSS BIENESTAR ,IMB,13,HIDALGO,28,1,HUEJUTLA DE REYES,UNIDAD MÓVIL,CARAVANA LAS CHACAS,NO APLICA,21.20976,-98.526658,EN OPERACION
HGIMB005145,SERVICIOS DE SALUD IMSS BIENESTAR ,IMB,13,HIDALGO,53,126,COLONIA INDUSTRIAL,UNIDAD MÓVIL,CARAVANA SAN BARTOLO ZONA SUR,NO APLICA,20.407196,-98.196987,EN OPERACION
HGIMB005150,SERVICIOS DE SALUD IMSS BIENESTAR ,IMB,13,HIDALGO,48,1,PACHUCA DE SOTO,UNIDAD DE ESPECIALIDADES MÉDICAS (UNEMES),UNIDAD DE ESPECIALIDADES MÉDICAS PARA LA DETECCCIÓN Y DIAGNÓSTICO DE CÁNCER DE MAMA,PRIMER NIVEL,20.115239,-98.772811,EN OPERACION
HGIMB005162,SERVICIOS DE SALUD IMSS BIENESTAR ,IMB,13,HIDALGO,78,17,OHUATIPA,UNIDAD MÓVIL,CARAVANA ATLAJCO,NO APLICA,20.894463,-98.271866,EN OPERACION
HGIMB005174,SERVICIOS DE SALUD IMSS BIENESTAR ,IMB,13,HIDALGO,48,1,PACHUCA DE SOTO,ALMACENES,ALMACÉN CENTRAL,NO APLICA,20.122453,-98.770976,EN OPERACION
HGIMB005186,SERVICIOS DE SALUD IMSS BIENESTAR ,IMB,13,HIDALGO,48,1,PACHUCA DE SOTO,UNIDAD MÓVIL,UNIDAD MÓVIL DE GERIATRIA,PRIMER NIVEL,20.12403,-98.74164,EN OPERACION
HGIMB005191,SERVICIOS DE SALUD IMSS BIENESTAR ,IMB,13,HIDALGO,48,1,PACHUCA DE SOTO,CLÍNICA DE ESPECIALIDADES,UNIDAD ESPECIALIZADA PARA LA PREVENCIÓN Y ATENCIÓN DE LA VIOLENCIA FAMILIAR Y SEXUAL (UEPAVFS),PRIMER NIVEL,20.1204665,-98.7737705,EN OPERACION
HGIMB005203,SERVICIOS DE SALUD IMSS BIENESTAR ,IMB,13,HIDALGO,12,1,ATOTONILCO EL GRANDE,UNIDAD MÓVIL,CARAVANA 1 ATOTONILCO ELGRANDE,PRIMER NIVEL,20.304652,-98.683038,EN OPERACION
HGIMB005215,SERVICIOS DE SALUD IMSS BIENESTAR ,IMB,13,HIDALGO,12,1,ATOTONILCO EL GRANDE,UNIDAD MÓVIL,CARAVANA 2 ATOTONILCO ELGRANDE,PRIMER NIVEL,20.304652,-98.683038,EN OPERACION
HGIMB005220,SERVICIOS DE SALUD IMSS BIENESTAR ,IMB,13,HIDALGO,37,1,METZTITLAN,UNIDAD MÓVIL,CARAVANA 1 METZTITLÁN,PRIMER NIVEL,20.59369,-98.76017,EN OPERACION
HGIMB005232,SERVICIOS DE SALUD IMSS BIENESTAR ,IMB,13,HIDALGO,37,1,METZTITLAN,UNIDAD MÓVIL,CARAVANA 2 METZTITLÁN,PRIMER NIVEL,20.59369,-98.76017,EN OPERACION
HGIMB005244,SERVICIOS DE SALUD IMSS BIENESTAR ,IMB,13,HIDALGO,18,1,CHAPULHUACAN,UNIDAD MÓVIL,CARAVANA 1 CHAPULHUACAN,PRIMER NIVEL,21.158986,-98.907571,EN OPERACION
HGIMB005256,SERVICIOS DE SALUD IMSS BIENESTAR ,IMB,13,HIDALGO,40,1,LA MISION,UNIDAD MÓVIL,CARAVANA 2 LA MISIÓN,PRIMER NIVEL,21.099951,-99.121772,EN OPERACION
HGIMB005261,SERVICIOS DE SALUD IMSS BIENESTAR ,IMB,13,HIDALGO,49,1,PISAFLORES,UNIDAD MÓVIL,CARAVANA 3 PISAFLORES,PRIMER NIVEL,21.192477,-99.001887,EN OPERACION
HGIMB005273,SERVICIOS DE SALUD IMSS BIENESTAR ,IMB,13,HIDALGO,84,1,ZIMAPAN,UNIDAD MÓVIL,CARAVANA 4  ZIMAPÁN,PRIMER NIVEL,20.734276,-99.381112,EN OPERACION
HGIMB005285,SERVICIOS DE SALUD IMSS BIENESTAR ,IMB,13,HIDALGO,26,1,HUAZALINGO,UNIDAD MÓVIL,CARAVANA 1 HUAZALINGO,PRIMER NIVEL,20.979539,-98.507681,EN OPERACION
HGIMB005290,SERVICIOS DE SALUD IMSS BIENESTAR ,IMB,13,HIDALGO,62,1,TEPEHUACAN DE GUERRERO,UNIDAD MÓVIL,CARAVANA 2 TEPEHUACAN DE GUERRERO,PRIMER NIVEL,21.013642,-98.84175,EN OPERACION
HGIMB005302,SERVICIOS DE SALUD IMSS BIENESTAR ,IMB,13,HIDALGO,73,1,TLANCHINOL,UNIDAD MÓVIL,CARAVANA 3  TLANCHINOL,PRIMER NIVEL,21.002611,-98.660778,EN OPERACION
HGIMB005314,SERVICIOS DE SALUD IMSS BIENESTAR ,IMB,13,HIDALGO,4,1,AGUA BLANCA DE ITURBIDE,UNIDAD MÓVIL,CARAVANA 2 AGUA BLANCA DE ITURBIDE,PRIMER NIVEL,20.349644,-98.355707,EN OPERACION
HGIMB005326,SERVICIOS DE SALUD IMSS BIENESTAR ,IMB,13,HIDALGO,27,1,HUEHUETLA,UNIDAD MÓVIL,CARAVANA 1 HUEHUETLA,PRIMER NIVEL,20.460816,-98.078352,EN OPERACION
HGIMB005331,SERVICIOS DE SALUD IMSS BIENESTAR ,IMB,13,HIDALGO,53,126,COLONIA INDUSTRIAL,UNIDAD MÓVIL,CARAVANA 3 SAN BARTOLO TUTOTEPEC,PRIMER NIVEL,20.407196,-98.196987,EN OPERACION
HGIMB005343,SERVICIOS DE SALUD IMSS BIENESTAR ,IMB,13,HIDALGO,60,1,TENANGO DE DORIA,UNIDAD MÓVIL,CARAVANA 4 TENANGO DE DORIA,PRIMER NIVEL,20.3382329,-98.2259043,EN OPERACION
HGIMB005355,SERVICIOS DE SALUD IMSS BIENESTAR ,IMB,13,HIDALGO,48,1,PACHUCA DE SOTO,UNIDAD DE ESPECIALIDADES MÉDICAS (UNEMES),UNEME ENFERMEDADES CRÓNICAS PACHUCA,PRIMER NIVEL,20.1172561,-98.7835402,EN OPERACION
HGIMB005360,SERVICIOS DE SALUD IMSS BIENESTAR ,IMB,13,HIDALGO,48,1,PACHUCA DE SOTO,CLÍNICA DE ESPECIALIDADES,CENTRO ESTATAL DE ATENCIÓN GERIÁTRICA INTEGRAL,PRIMER NIVEL,20.118856,-98.727728,EN OPERACION
HGIMB005372,SERVICIOS DE SALUD IMSS BIENESTAR ,IMB,13,HIDALGO,2,1,ACAXOCHITLAN,UNIDAD MÓVIL,CARAVANA 2 ACAXOCHITLÁN,PRIMER NIVEL,20.160377,-98.203659,EN OPERACION
HGIMB005384,SERVICIOS DE SALUD IMSS BIENESTAR ,IMB,13,HIDALGO,32,1,JALTOCAN,UNIDAD MÓVIL,CARAVANA 2 JALTOCAN,PRIMER NIVEL,21.1365526,-98.5365869,EN OPERACION
HGIMB005396,SERVICIOS DE SALUD IMSS BIENESTAR ,IMB,13,HIDALGO,76,91,MONTECILLOS,UNIDAD DE ESPECIALIDADES MÉDICAS (UNEMES),UNEME ENFERMEDADES CRÓNICAS TULA,PRIMER NIVEL,20.037003,-99.330057,EN OPERACION
HGIMB005401,SERVICIOS DE SALUD IMSS BIENESTAR ,IMB,13,HIDALGO,29,16,LLANO LARGO,UNIDAD MÓVIL,CARAVANA 3 TECOZAUTLA,NO APLICA,20.300569,-99.762472,EN OPERACION
HGIMB005413,SERVICIOS DE SALUD IMSS BIENESTAR ,IMB,13,HIDALGO,29,16,LLANO LARGO,UNIDAD MÓVIL,CARAVANA 5 TECOZAUTLA,NO APLICA,20.300569,-99.762472,EN OPERACION
HGIMB005425,SERVICIOS DE SALUD IMSS BIENESTAR ,IMB,13,HIDALGO,29,16,LLANO LARGO,UNIDAD MÓVIL,CARAVANA 2 NOPALA DE VILLAGRÁN,NO APLICA,20.300569,-99.762472,EN OPERACION
HGIMB005430,SERVICIOS DE SALUD IMSS BIENESTAR ,IMB,13,HIDALGO,15,1,CARDONAL,UNIDAD MÓVIL,CARAVANA 1 CARDONAL,NO APLICA,20.6125,-99.116667,EN OPERACION
HGIMB005442,SERVICIOS DE SALUD IMSS BIENESTAR ,IMB,13,HIDALGO,43,4,BOCUA,UNIDAD MÓVIL,CARAVANA 2 NICOLÁS FLORES,NO APLICA,20.725249,-99.166706,EN OPERACION
HGIMB005454,SERVICIOS DE SALUD IMSS BIENESTAR ,IMB,13,HIDALGO,80,23,TLALCHIYAHUALICA,UNIDAD MÓVIL,CARAVANA 5 YAHUALICA,NO APLICA,20.969851,-98.402009,EN OPERACION
HGIMB005466,SERVICIOS DE SALUD IMSS BIENESTAR ,IMB,13,HIDALGO,25,38,TAMOYON I,UNIDAD MÓVIL,CARAVANA 1 HUAHUTLA,NO APLICA,21.024687,-98.245322,EN OPERACION
HGIMB005471,SERVICIOS DE SALUD IMSS BIENESTAR ,IMB,13,HIDALGO,78,17,OHUATIPA,UNIDAD MÓVIL,CARAVANA 4 XOCHIATIPAN,NO APLICA,20.894463,-98.271866,EN OPERACION
HGIMB005483,SERVICIOS DE SALUD IMSS BIENESTAR ,IMB,13,HIDALGO,2,1,ACAXOCHITLAN,UNIDAD MÓVIL,CARAVANA 1 ACAXOCHITLÁN,NO APLICA,20.160503,-98.203501,EN OPERACION
HGIMB005495,SERVICIOS DE SALUD IMSS BIENESTAR ,IMB,13,HIDALGO,26,1,HUAZALINGO,UNIDAD MÓVIL,CARAVANA 4 HUAZALINGO,NO APLICA,20.958658,-98.491167,EN OPERACION
HGSSA004793,SECRETARIA DE SALUD,SSA,13,HIDALGO,48,1,PACHUCA DE SOTO,UNIDAD DE ESPECIALIDADES MÉDICAS (UNEMES),CENTRO AMBULATORIO PARA LA PREVENCIÓN Y ATENCIÓN EN SIDA E INFECCIONES DE TRANSMISION SEXUAL (UNEMES CAPASIT VIH SIDA),PRIMER NIVEL,20.124421,-98.800036,EN OPERACION
HGSSA004863,SECRETARIA DE SALUD,SSA,13,HIDALGO,77,1,TULANCINGO,CLÍNICA DE ESPECIALIDADES,CAIA (CENTRO DE ATENCIÓN INTEGRAL DE LAS ADICCIONES),PRIMER NIVEL,20.136034,-98.340575,EN OPERACION
HGSSA004875,SECRETARIA DE SALUD,SSA,13,HIDALGO,61,2,FRAY BERNARDINO DE SAHAGUN (CIUDAD SAHAGUN),UNIDAD DE ESPECIALIDADES MÉDICAS (UNEMES),CENTRO COMUNITARIO DE SALUD MENTAL Y ADICCIONES CD SAHAGÚN,PRIMER NIVEL,19.75976,-98.580206,EN OPERACION
HGSSA005131,SECRETARIA DE SALUD,SSA,13,HIDALGO,28,1,HUEJUTLA DE REYES,UNIDAD DE ESPECIALIDADES MÉDICAS (UNEMES),CENTRO COMUNITARIO DE SALUD MENTAL Y ADICCIONES HUEJUTLA,PRIMER NIVEL,21.1525277,-98.3856413,EN OPERACION
HGSSA015475,SECRETARIA DE SALUD,SSA,13,HIDALGO,48,1,PACHUCA DE SOTO,LABORATORIOS,LABORATORIO ESTATAL,NO APLICA,20.116067,-98.779452,EN OPERACION
HGSSA015480,SECRETARIA DE SALUD,SSA,13,HIDALGO,48,1,PACHUCA DE SOTO,CENTRO ESTATAL DE TRASFUSIÓN SANGUÍNEA,CENTRO ESTATAL DE TRANSFUSIÓN SANGUÍNEA,NO APLICA,20.0774277,-98.7792249,EN OPERACION
HGSSA017661,SECRETARIA DE SALUD,SSA,13,HIDALGO,30,47,TAXADHO,UNIDAD DE ESPECIALIDADES MÉDICAS (UNEMES),CENTRO COMUNITARIO DE SALUD MENTAL Y ADICCIONES IXMIQUILPAN,PRIMER NIVEL,20.43342,-99.156038,EN OPERACION
HGSSA017673,SECRETARIA DE SALUD,SSA,13,HIDALGO,46,1,SAN FELIPE ORIZATLAN,UNIDAD DE ESPECIALIDADES MÉDICAS (UNEMES),CENTRO COMUNITARIO DE SALUD MENTAL Y ADICCIONES SAN FELIPE ORIZATLÁN,PRIMER NIVEL,21.168241,-98.606126,EN OPERACION
HGSSA017685,SECRETARIA DE SALUD,SSA,13,HIDALGO,76,91,MONTECILLOS,UNIDAD DE ESPECIALIDADES MÉDICAS (UNEMES),CENTRO COMUNITARIO DE SALUD MENTAL Y ADICCIONES TULA,PRIMER NIVEL,20.03681,-99.3303,EN OPERACION
HGSSA017883,SECRETARIA DE SALUD,SSA,13,HIDALGO,48,1,PACHUCA DE SOTO,UNIDAD DE ESPECIALIDADES MÉDICAS (UNEMES),CENTRO COMUNITARIO DE SALUD MENTAL Y ADICCIONES PACHUCA DE SOTO,PRIMER NIVEL,20.117362,-98.7823,EN OPERACION
HGSSA018011,SECRETARIA DE SALUD,SSA,13,HIDALGO,51,17,EL VENADO,UNIDAD MÓVIL,SERVICIO AMIGABLE ITINERANTE EDUSEX,PRIMER NIVEL,20.066549,-98.770564,EN OPERACION
HGSSA018064,SECRETARIA DE SALUD,SSA,13,HIDALGO,6,1,ALFAJAYUCAN,UNIDAD MÓVIL,CARAVANA 1 ALFAJAYUCAN,NO APLICA,20.41745,-99.349332,EN OPERACION
HGSSA018151,SECRETARIA DE SALUD,SSA,13,HIDALGO,80,17,SANTA TERESA,RURAL DE 01 NÚCLEO BÁSICO,CENTRO DE SALUD SANTA TERESA,PRIMER NIVEL,20.89963,-98.38606,EN OPERACION
HGSSA018163,SECRETARIA DE SALUD,SSA,13,HIDALGO,53,126,COLONIA INDUSTRIAL,UNIDAD MÓVIL,CARAVANA 5 SAN BARTOLO TUTOTEPEC,NO APLICA,20.4073827,-98.196665,EN OPERACION
